Symbol,Name,Stock Exchange,RBICS Economy,Yearly_Return
,,,,
A,"Agilent Technologies, Inc.",NYSE,Healthcare,38.9
AAL,"American Airlines Group, Inc.",NASDAQ,Industrials,-45.0
AAN,Aaron's Company Inc,NYSE,Consumer Cyclicals,#N/A
AAOI,"Applied Optoelectronics, Inc.",NASDAQ,Technology,-28.4
AAON,"AAON, Inc.",NASDAQ,Industrials,34.9
AAP,"Advance Auto Parts, Inc.",NYSE,Consumer Cyclicals,-1.7
AAPL,Apple Inc.,NASDAQ,Technology,80.7
AAT,"American Assets Trust, Inc.",NYSE,Finance,-37.1
AAWW,"Atlas Air Worldwide Holdings, Inc.",NASDAQ,Industrials,97.8
AAXN,Axon Enterprise Inc,NASDAQ,Industrials,67.2
ABBV,"AbbVie, Inc.",NYSE,Healthcare,21.0
ABC,AmerisourceBergen Corporation,NYSE,Healthcare,15.0
ABCB,Ameris Bancorp,NASDAQ,Finance,-10.5
ABG,"Asbury Automotive Group, Inc.",NYSE,Consumer Cyclicals,30.4
ABM,ABM Industries Incorporated,NYSE,Business Services,0.3
ABMD,"ABIOMED, Inc.",NASDAQ,Healthcare,90.0
ABT,Abbott Laboratories,NYSE,Healthcare,26.1
ABTX,"Allegiance Bancshares, Inc.",NASDAQ,Finance,-9.2
ACA,"Arcosa, Inc.",NYSE,Industrials,23.3
ACC,"American Campus Communities, Inc.",NYSE,Finance,-9.1
ACHC,"Acadia Healthcare Company, Inc.",NASDAQ,Healthcare,51.3
ACIW,"ACI Worldwide, Inc.",NASDAQ,Technology,1.4
ACLS,"Axcelis Technologies, Inc.",NASDAQ,Technology,20.9
ACM,AECOM,NYSE,Industrials,15.4
ACN,Accenture Plc Class A,NYSE,Technology,24.0
ADBE,Adobe Inc.,NASDAQ,Technology,51.6
ADC,Agree Realty Corporation,NYSE,Finance,-5.1
ADI,"Analog Devices, Inc.",NASDAQ,Technology,24.3
ADM,Archer-Daniels-Midland Company,NYSE,Consumer Non-Cyclicals,8.8
ADNT,Adient plc,NYSE,Consumer Cyclicals,63.6
ADP,"Automatic Data Processing, Inc.",NASDAQ,Business Services,3.3
ADS,Alliance Data Systems Corporation,NYSE,Finance,-34.0
ADSK,"Autodesk, Inc.",NASDAQ,Technology,66.4
ADTN,"ADTRAN, Inc.",NASDAQ,Technology,49.3
ADUS,Addus HomeCare Corporation,NASDAQ,Healthcare,20.4
AEE,Ameren Corporation,NYSE,Utilities,1.6
AEGN,Aegion Corporation,NASDAQ,Industrials,-15.1
AEIS,"Advanced Energy Industries, Inc.",NASDAQ,Technology,36.2
AEL,American Equity Investment Life Holding Company,NYSE,Finance,-7.6
AEO,"American Eagle Outfitters, Inc.",NYSE,Consumer Cyclicals,36.5
AEP,"American Electric Power Company, Inc.",NASDAQ,Utilities,-11.9
AES,AES Corporation,NYSE,Utilities,18.1
AFG,"American Financial Group, Inc.",NYSE,Finance,-20.1
AFL,Aflac Incorporated,NYSE,Finance,-15.9
AGCO,AGCO Corporation,NYSE,Industrials,33.4
AGO,Assured Guaranty Ltd.,NYSE,Finance,-35.8
AGYS,"Agilysys, Inc.",NASDAQ,Consumer Services,51.0
AHH,"Armada Hoffler Properties, Inc.",NYSE,Finance,-38.9
AIG,"American International Group, Inc.",NYSE,Finance,-26.2
AIN,Albany International Corp. Class A,NYSE,Industrials,-3.3
AIR,AAR CORP.,NYSE,Industrials,-19.7
AIRC,Apartment Income REIT Corp,NYSE,Finance,#N/A
AIT,"Applied Industrial Technologies, Inc.",NYSE,Industrials,16.9
AIZ,"Assurant, Inc.",NYSE,Finance,3.9
AJG,Arthur J. Gallagher & Co.,NYSE,Finance,29.9
AJRD,"Aerojet Rocketdyne Holdings, Inc.",NYSE,Industrials,15.7
AKAM,"Akamai Technologies, Inc.",NASDAQ,Technology,21.5
AKR,Acadia Realty Trust,NYSE,Finance,-45.3
ALB,Albemarle Corporation,NYSE,Non-Energy Materials,102.0
ALE,"ALLETE, Inc.",NYSE,Utilities,-23.7
ALEX,"Alexander & Baldwin, Inc.",NYSE,Finance,-18.0
ALG,Alamo Group Inc.,NYSE,Industrials,9.9
ALGN,"Align Technology, Inc.",NASDAQ,Healthcare,91.5
ALGT,Allegiant Travel Company,NASDAQ,Industrials,8.7
ALK,"Alaska Air Group, Inc.",NYSE,Industrials,-23.2
ALL,Allstate Corporation,NYSE,Finance,-2.2
ALLE,Allegion PLC,NYSE,Non-Energy Materials,-6.6
ALRM,"Alarm.com Holdings, Inc.",NASDAQ,Technology,140.7
ALXN,"Alexion Pharmaceuticals, Inc.",NASDAQ,Healthcare,44.5
AM,Antero Midstream Corp.,NYSE,Energy,1.6
AMAT,"Applied Materials, Inc.",NASDAQ,Technology,41.4
AMBC,"Ambac Financial Group, Inc.",NYSE,Finance,-28.7
AMCR,Amcor PLC,NYSE,Non-Energy Materials,8.6
AMCX,AMC Networks Inc. Class A,NASDAQ,Consumer Services,-9.4
AMD,"Advanced Micro Devices, Inc.",NASDAQ,Technology,100.0
AME,"AMETEK, Inc.",NYSE,Industrials,21.3
AMED,"Amedisys, Inc.",NASDAQ,Healthcare,75.7
AMG,"Affiliated Managers Group, Inc.",NYSE,Finance,20.0
AMGN,Amgen Inc.,NASDAQ,Healthcare,-4.6
AMN,"AMN Healthcare Services, Inc.",NYSE,Healthcare,9.5
AMP,"Ameriprise Financial, Inc.",NYSE,Finance,16.7
AMPH,Amphastar Pharmaceuticals Inc,NASDAQ,Healthcare,4.3
AMSF,"AMERISAFE, Inc.",NASDAQ,Finance,-13.0
AMT,American Tower Corporation,NYSE,Finance,-2.3
AMWD,American Woodmark Corporation,NASDAQ,Consumer Cyclicals,-10.2
AMZN,"Amazon.com, Inc.",NASDAQ,Consumer Non-Cyclicals,76.3
AN,"AutoNation, Inc.",NYSE,Consumer Cyclicals,43.5
ANDE,"Andersons, Inc.",NASDAQ,Consumer Non-Cyclicals,-3.0
ANET,"Arista Networks, Inc.",NYSE,Technology,42.9
ANF,Abercrombie & Fitch Co. Class A,NYSE,Consumer Cyclicals,17.8
ANGO,"AngioDynamics, Inc.",NASDAQ,Healthcare,-4.2
ANIK,"Anika Therapeutics, Inc.",NASDAQ,Healthcare,-12.7
ANIP,"ANI Pharmaceuticals, Inc.",NASDAQ,Healthcare,-52.9
ANSS,"ANSYS, Inc.",NASDAQ,Technology,41.3
ANTM,"Anthem, Inc.",NYSE,Healthcare,6.3
AON,Aon Plc Class A,NYSE,Finance,1.4
AOS,A. O. Smith Corporation,NYSE,Industrials,15.1
APA,Apache Corporation,NASDAQ,Energy,-44.5
APD,"Air Products and Chemicals, Inc.",NYSE,Non-Energy Materials,16.3
APEI,"American Public Education, Inc.",NASDAQ,Consumer Non-Cyclicals,11.3
APH,Amphenol Corporation Class A,NYSE,Technology,20.8
APOG,"Apogee Enterprises, Inc.",NASDAQ,Non-Energy Materials,-2.5
APTV,Aptiv PLC,NYSE,Consumer Cyclicals,37.2
ARCB,ArcBest Corporation,NASDAQ,Industrials,54.6
ARE,"Alexandria Real Estate Equities, Inc.",NYSE,Finance,10.3
ARI,"Apollo Commercial Real Estate Finance, Inc.",NYSE,Finance,-38.9
ARLO,"Arlo Technologies, Inc.",NYSE,Technology,85.0
ARNC,Arconic Corp.,NYSE,Non-Energy Materials,#N/A
AROC,Archrock Inc.,NYSE,Energy,-13.7
ARR,"ARMOUR Residential REIT, Inc.",NYSE,Finance,-39.6
ARW,"Arrow Electronics, Inc.",NYSE,Technology,14.8
ARWR,"Arrowhead Pharmaceuticals, Inc.",NASDAQ,Healthcare,21.0
ASB,Associated Banc-Corp,NYSE,Finance,-22.6
ASGN,ASGN Inc,NYSE,Business Services,17.7
ASH,"Ashland Global Holdings, Inc.",NYSE,Non-Energy Materials,3.5
ASIX,"Advansix, Inc.",NYSE,Non-Energy Materials,0.2
ASTE,"Astec Industries, Inc.",NASDAQ,Industrials,37.8
ATGE,Adtalem Global Education Inc.,NYSE,Consumer Non-Cyclicals,-2.9
ATI,Allegheny Technologies Incorporated,NYSE,Non-Energy Materials,-18.8
ATNI,"ATN International, Inc.",NASDAQ,Telecommunications,-24.6
ATO,Atmos Energy Corporation,NYSE,Utilities,-14.7
ATR,"Aptargroup, Inc.",NYSE,Non-Energy Materials,18.4
ATVI,"Activision Blizzard, Inc.",NASDAQ,Technology,56.3
AVA,Avista Corporation,NYSE,Utilities,-16.5
AVAV,"AeroVironment, Inc.",NASDAQ,Industrials,40.8
AVB,"AvalonBay Communities, Inc.",NYSE,Finance,-23.5
AVD,American Vanguard Corporation,NYSE,Non-Energy Materials,-20.3
AVGO,Broadcom Inc.,NASDAQ,Technology,38.6
AVNS,"Avanos Medical, Inc.",NYSE,Healthcare,36.1
AVNT,Avient Corporation,NYSE,Non-Energy Materials,9.5
AVT,"Avnet, Inc.",NASDAQ,Technology,-17.3
AVY,Avery Dennison Corporation,NYSE,Non-Energy Materials,18.6
AWK,"American Water Works Company, Inc.",NYSE,Utilities,24.9
AWR,American States Water Company,NYSE,Utilities,-8.2
AX,"Axos Financial, Inc.",NYSE,Finance,23.9
AXL,"American Axle & Manufacturing Holdings, Inc.",NYSE,Consumer Cyclicals,-22.5
AXP,American Express Company,NYSE,Finance,-2.9
AYI,"Acuity Brands, Inc.",NYSE,Industrials,-12.3
AZO,"AutoZone, Inc.",NYSE,Consumer Cyclicals,-0.5
AZZ,AZZ Inc.,NYSE,Industrials,3.2
B,Barnes Group Inc.,NYSE,Industrials,-18.2
BA,Boeing Company,NYSE,Industrials,-34.3
BAC,Bank of America Corp,NYSE,Finance,-13.9
BANC,Banc of California Incorporated,NYSE,Finance,-14.4
BANF,BancFirst Corporation,NASDAQ,Finance,-6.0
BANR,Banner Corporation,NASDAQ,Finance,-17.7
BAX,Baxter International Inc.,NYSE,Healthcare,-4.0
BBBY,Bed Bath & Beyond Inc.,NASDAQ,Consumer Cyclicals,2.7
BBY,"Best Buy Co., Inc.",NYSE,Consumer Cyclicals,13.7
BC,Brunswick Corporation,NYSE,Consumer Cyclicals,27.1
BCC,Boise Cascade Co.,NYSE,Industrials,30.9
BCEI,Bonanza Creek Energy Inc,NYSE,Energy,-17.2
BCO,Brink's Company,NYSE,Business Services,-20.6
BCOR,"Blucora, Inc.",NASDAQ,Finance,-39.1
BCPC,Balchem Corporation,NASDAQ,Non-Energy Materials,13.4
BDC,Belden Inc.,NYSE,Technology,-23.8
BDN,Brandywine Realty Trust,NYSE,Finance,-24.4
BDX,"Becton, Dickinson and Company",NYSE,Healthcare,-8.0
BEAT,"BioTelemetry, Inc.",NASDAQ,Healthcare,55.7
BELFB,Bel Fuse Inc. Class B,NASDAQ,Technology,-26.7
BEN,"Franklin Resources, Inc.",NYSE,Finance,-3.8
BF.B,Brown-Forman Corporation Class B,NYSE,Consumer Non-Cyclicals,17.5
BFS,"Saul Centers, Inc.",NYSE,Finance,-40.0
BGS,"B&G Foods, Inc.",NYSE,Consumer Non-Cyclicals,54.7
BHE,"Benchmark Electronics, Inc.",NYSE,Technology,-21.4
BHF,"Brighthouse Financial, Inc.",NASDAQ,Finance,-7.7
BHLB,"Berkshire Hills Bancorp, Inc.",NYSE,Finance,-47.9
BIG,"Big Lots, Inc.",NYSE,Consumer Non-Cyclicals,49.5
BIIB,Biogen Inc.,NASDAQ,Healthcare,-17.5
BIO,"Bio-Rad Laboratories, Inc. Class A",NYSE,Healthcare,57.5
BJ,"BJ's Wholesale Club Holdings, Inc.",NYSE,Consumer Non-Cyclicals,63.9
BJRI,"BJ's Restaurants, Inc.",NASDAQ,Consumer Services,1.4
BK,Bank of New York Mellon Corporation,NYSE,Finance,-15.7
BKE,"Buckle, Inc.",NYSE,Consumer Cyclicals,8.0
BKH,Black Hills Corporation,NYSE,Utilities,-21.8
BKNG,Booking Holdings Inc.,NASDAQ,Consumer Services,8.4
BKR,Baker Hughes Company Class A,NYSE,Energy,-18.7
BKU,"BankUnited, Inc.",NYSE,Finance,-4.9
BLD,TopBuild Corp.,NYSE,Industrials,78.6
BLDR,"Builders FirstSource, Inc.",NASDAQ,Industrials,60.6
BLK,"BlackRock, Inc.",NYSE,Finance,43.5
BLKB,"Blackbaud, Inc.",NASDAQ,Business Services,-27.7
BLL,Ball Corporation,NYSE,Non-Energy Materials,44.1
BLMN,"Bloomin' Brands, Inc.",NASDAQ,Consumer Services,-12.0
BMI,"Badger Meter, Inc.",NYSE,Industrials,44.9
BMY,Bristol-Myers Squibb Company,NYSE,Healthcare,-3.4
BNED,"Barnes & Noble Education, Inc.",NYSE,Consumer Cyclicals,8.9
BOH,Bank of Hawaii Corporation,NYSE,Finance,-19.5
BOOM,DMC Global Inc.,NASDAQ,Energy,-3.8
BOOT,"Boot Barn Holdings, Inc.",NYSE,Consumer Cyclicals,-2.6
BPFH,"Boston Private Financial Holdings, Inc.",NASDAQ,Finance,-29.8
BR,"Broadridge Financial Solutions, Inc.",NYSE,Business Services,24.0
BRC,Brady Corporation Class A,NYSE,Business Services,-7.8
BRK.B,Berkshire Hathaway Inc. Class B,NYSE,Finance,2.4
BRKL,"Brookline Bancorp, Inc.",NASDAQ,Finance,-26.9
BRKS,"Brooks Automation, Inc.",NASDAQ,Technology,61.7
BRO,"Brown & Brown, Inc.",NYSE,Finance,20.1
BRX,"Brixmor Property Group, Inc.",NYSE,Finance,-23.4
BSIG,"BrightSphere Investment Group, Inc.",NYSE,Finance,88.6
BSX,Boston Scientific Corporation,NYSE,Healthcare,-20.5
BWA,BorgWarner Inc.,NYSE,Consumer Cyclicals,-10.9
BXP,"Boston Properties, Inc.",NYSE,Finance,-31.4
BXS,BancorpSouth Bank,NYSE,Finance,-12.6
BYD,Boyd Gaming Corporation,NYSE,Consumer Services,43.4
C,Citigroup Inc.,NYSE,Finance,-22.8
CABO,"Cable One, Inc.",NYSE,Telecommunications,49.7
CACI,CACI International Inc Class A,NYSE,Business Services,-0.3
CADE,Cadence Bancorporation Class A,NYSE,Finance,-9.4
CAG,"Conagra Brands, Inc.",NYSE,Consumer Non-Cyclicals,5.9
CAH,"Cardinal Health, Inc.",NYSE,Healthcare,5.9
CAKE,Cheesecake Factory Incorporated,NASDAQ,Consumer Services,-4.6
CAL,"Caleres, Inc.",NYSE,Consumer Cyclicals,-34.1
CALM,"Cal-Maine Foods, Inc.",NASDAQ,Consumer Non-Cyclicals,-12.2
CAMP,CalAmp Corp.,NASDAQ,Technology,3.5
CAR,"Avis Budget Group, Inc.",NASDAQ,Consumer Cyclicals,15.7
CARR,Carrier Global Corp.,NYSE,Industrials,#N/A
CASH,"Meta Financial Group, Inc.",NASDAQ,Finance,0.1
CASY,"Casey's General Stores, Inc.",NASDAQ,Consumer Cyclicals,12.3
CAT,Caterpillar Inc.,NYSE,Industrials,23.3
CATM,Cardtronics plc Class A,NASDAQ,Finance,-20.9
CATO,Cato Corporation Class A,NYSE,Consumer Cyclicals,-44.9
CATY,Cathay General Bancorp,NASDAQ,Finance,-15.4
CB,Chubb Limited,NYSE,Finance,-1.1
CBB,Cincinnati Bell Inc.,NYSE,Telecommunications,45.9
CBOE,Cboe Global Markets Inc,CBOE BZX,Finance,-22.4
CBRE,"CBRE Group, Inc. Class A",NYSE,Finance,2.3
CBRL,"Cracker Barrel Old Country Store, Inc.",NASDAQ,Consumer Services,-14.2
CBSH,"Commerce Bancshares, Inc.",NASDAQ,Finance,1.5
CBT,Cabot Corporation,NYSE,Non-Energy Materials,-5.6
CBU,"Community Bank System, Inc.",NYSE,Finance,-12.2
CC,Chemours Co.,NYSE,Non-Energy Materials,37.0
CCI,Crown Castle International Corp,NYSE,Finance,12.0
CCL.U,Carnival Corporation,NYSE,Consumer Services,-57.4
CCMP,"CMC Materials, Inc.",NASDAQ,Non-Energy Materials,4.8
CCOI,Cogent Communications Holdings Inc,NASDAQ,Telecommunications,-9.0
CCRN,"Cross Country Healthcare, Inc.",NASDAQ,Healthcare,-23.7
CCS,"Century Communities, Inc.",NYSE,Consumer Cyclicals,60.1
CDAY,"Ceridian HCM Holding, Inc.",NYSE,Technology,57.0
CDK,"CDK Global, Inc.",NASDAQ,Consumer Cyclicals,-5.2
CDNS,"Cadence Design Systems, Inc.",NASDAQ,Technology,96.7
CDW,CDW Corp.,NASDAQ,Technology,-7.7
CE,Celanese Corporation,NYSE,Non-Energy Materials,5.5
CEIX,CONSOL Energy Inc,NYSE,Energy,-50.3
CELH,"Celsius Holdings, Inc.",NASDAQ,Consumer Non-Cyclicals,941.6
CENT,Central Garden & Pet Company,NASDAQ,Consumer Cyclicals,24.3
CENX,Century Aluminum Company,NASDAQ,Non-Energy Materials,46.8
CERN,Cerner Corporation,NASDAQ,Healthcare,6.9
CEVA,"CEVA, Inc.",NASDAQ,Technology,68.8
CF,"CF Industries Holdings, Inc.",NYSE,Non-Energy Materials,-18.9
CFFN,"Capitol Federal Financial, Inc.",NASDAQ,Finance,-9.0
CFG,"Citizens Financial Group, Inc.",NYSE,Finance,-11.9
CFR,"Cullen/Frost Bankers, Inc.",NYSE,Finance,-10.8
CFX,Colfax Corporation,NYSE,Industrials,5.1
CGNX,Cognex Corporation,NASDAQ,Industrials,43.3
CHCO,City Holding Company,NASDAQ,Finance,-15.1
CHCT,Community Healthcare Trust Incorporated,NYSE,Finance,9.9
CHD,"Church & Dwight Co., Inc.",NYSE,Consumer Non-Cyclicals,24.0
CHDN,Churchill Downs Incorporated,NASDAQ,Consumer Services,42.0
CHE,Chemed Corporation,NYSE,Healthcare,21.3
CHEF,"Chefs' Warehouse, Inc.",NASDAQ,Consumer Non-Cyclicals,-32.6
CHH,"Choice Hotels International, Inc.",NYSE,Consumer Services,3.2
CHRS,"Coherus BioSciences, Inc.",NASDAQ,Healthcare,-3.5
CHRW,"C.H. Robinson Worldwide, Inc.",NASDAQ,Industrials,20.0
CHS,"Chico's FAS, Inc.",NYSE,Consumer Cyclicals,-58.3
CHTR,"Charter Communications, Inc. Class A",NASDAQ,Telecommunications,36.4
CHUY,"Chuy's Holdings, Inc.",NASDAQ,Consumer Services,2.2
CHX,ChampionX Corporation,NASDAQ,Energy,-54.7
CI,Cigna Corporation,NYSE,Consumer Non-Cyclicals,1.8
CIEN,Ciena Corporation,NYSE,Technology,23.8
CINF,Cincinnati Financial Corporation,NASDAQ,Finance,-16.9
CIR,"CIRCOR International, Inc.",NYSE,Industrials,-16.9
CIT,CIT Group Inc.,NYSE,Finance,-21.3
CKH,SEACOR Holdings Inc.,NYSE,Industrials,-3.9
CL,Colgate-Palmolive Company,NYSE,Consumer Non-Cyclicals,24.2
CLB,Core Laboratories NV,NYSE,Energy,-29.6
CLDT,Chatham Lodging Trust,NYSE,Finance,-41.1
CLF,Cleveland-Cliffs Inc,NYSE,Non-Energy Materials,73.3
CLGX,"CoreLogic, Inc.",NYSE,Business Services,76.9
CLH,"Clean Harbors, Inc.",NYSE,Business Services,-11.3
CLI,Mack-Cali Realty Corporation,NYSE,Finance,-46.1
CLW,Clearwater Paper Corporation,NYSE,Consumer Non-Cyclicals,76.7
CLX,Clorox Company,NYSE,Consumer Non-Cyclicals,31.5
CMA,Comerica Incorporated,NYSE,Finance,-22.1
CMC,Commercial Metals Company,NYSE,Non-Energy Materials,-7.8
CMCSA,Comcast Corporation Class A,NASDAQ,Telecommunications,16.5
CMD,Cantel Medical Corp.,NYSE,Healthcare,11.2
CME,CME Group Inc. Class A,NASDAQ,Finance,-9.3
CMG,"Chipotle Mexican Grill, Inc.",NYSE,Consumer Services,65.7
CMI,Cummins Inc.,NYSE,Industrials,26.9
CMO,Capstead Mortgage Corporation,NYSE,Finance,-26.6
CMP,"Compass Minerals International, Inc.",NYSE,Non-Energy Materials,1.2
CMS,CMS Energy Corporation,NYSE,Utilities,-2.9
CMTL,Comtech Telecommunications Corp.,NASDAQ,Technology,-41.7
CNC,Centene Corporation,NYSE,Healthcare,-4.5
CNK,"Cinemark Holdings, Inc.",NYSE,Consumer Services,-48.6
CNMD,CONMED Corporation,NYSE,Healthcare,0.2
CNO,"CNO Financial Group, Inc.",NYSE,Finance,22.6
CNP,"CenterPoint Energy, Inc.",NYSE,Utilities,-20.6
CNSL,"Consolidated Communications Holdings, Inc.",NASDAQ,Telecommunications,26.0
CNX,CNX Resources Corporation,NYSE,Energy,22.0
CNXC,Concentrix Corporation,NASDAQ,Business Services,#N/A
CNXN,"PC Connection, Inc.",NASDAQ,Technology,-4.8
COF,Capital One Financial Corporation,NYSE,Finance,-3.9
COG,Cabot Oil & Gas Corporation,NYSE,Energy,-6.5
COHR,"Coherent, Inc.",NASDAQ,Industrials,-9.8
COHU,"Cohu, Inc.",NASDAQ,Technology,67.1
COKE,"Coca-Cola Consolidated, Inc.",NASDAQ,Consumer Non-Cyclicals,-6.3
COLB,"Columbia Banking System, Inc.",NASDAQ,Finance,-11.8
COLM,Columbia Sportswear Company,NASDAQ,Consumer Cyclicals,-12.8
CONE,"CyrusOne, Inc.",NASDAQ,Finance,11.8
CONN,"Conn's, Inc.",NASDAQ,Consumer Cyclicals,-5.6
COO,"Cooper Companies, Inc.",NYSE,Healthcare,13.1
COOP,"Mr. Cooper Group, Inc.",NASDAQ,Finance,148.0
COP,ConocoPhillips,NYSE,Energy,-38.5
COR,CoreSite Realty Corporation,NYSE,Finance,11.7
CORE,"Core-Mark Holding Company, Inc.",NASDAQ,Consumer Non-Cyclicals,8.0
CORT,Corcept Therapeutics Incorporated.,NASDAQ,Healthcare,116.2
COST,Costco Wholesale Corporation,NASDAQ,Consumer Non-Cyclicals,28.2
COTY,Coty Inc. Class A,NYSE,Consumer Non-Cyclicals,-37.6
CPB,Campbell Soup Company,NYSE,Consumer Non-Cyclicals,-2.2
CPE,Callon Petroleum Company,NYSE,Energy,-72.8
CPF,Central Pacific Financial Corp.,NYSE,Finance,-35.7
CPK,Chesapeake Utilities Corporation,NYSE,Utilities,12.9
CPRI,Capri Holdings Limited,NYSE,Consumer Cyclicals,10.1
CPRT,"Copart, Inc.",NASDAQ,Consumer Cyclicals,39.9
CPS,Cooper-Standard Holdings Inc.,NYSE,Consumer Cyclicals,4.6
CPSI,"Computer Programs and Systems, Inc.",NASDAQ,Healthcare,1.7
CPT,Camden Property Trust,NYSE,Finance,-5.8
CR,Crane Co.,NYSE,Industrials,-10.1
CREE,"Cree, Inc.",NASDAQ,Technology,129.5
CRI,"Carter's, Inc.",NYSE,Consumer Cyclicals,-14.0
CRL,"Charles River Laboratories International, Inc.",NYSE,Healthcare,63.6
CRM,"salesforce.com, inc.",NYSE,Technology,36.8
CRMT,"America's Car-Mart, Inc.",NASDAQ,Consumer Cyclicals,0.2
CROX,"Crocs, Inc.",NASDAQ,Consumer Cyclicals,49.6
CRS,Carpenter Technology Corporation,NYSE,Non-Energy Materials,-41.5
CRUS,"Cirrus Logic, Inc.",NASDAQ,Technology,-0.3
CRVL,CorVel Corporation,NASDAQ,Healthcare,21.3
CRY,"CryoLife, Inc.",NYSE,Healthcare,-12.8
CSCO,"Cisco Systems, Inc.",NASDAQ,Technology,-6.7
CSGS,"CSG Systems International, Inc.",NASDAQ,Telecommunications,-13.0
CSII,"Cardiovascular Systems, Inc.",NASDAQ,Healthcare,-9.9
CSL,Carlisle Companies Incorporated,NYSE,Non-Energy Materials,-3.5
CSR,Centerspace,NYSE,Finance,-2.6
CSX,CSX Corporation,NASDAQ,Industrials,25.4
CTAS,Cintas Corporation,NASDAQ,Business Services,31.4
CTB,Cooper Tire & Rubber Company,NYSE,Consumer Cyclicals,40.9
CTLT,Catalent Inc,NYSE,Healthcare,84.8
CTRE,CareTrust REIT Inc,NASDAQ,Finance,7.5
CTS,CTS Corporation,NYSE,Consumer Cyclicals,14.4
CTSH,Cognizant Technology Solutions Corporation Class A,NASDAQ,Technology,32.1
CTVA,Corteva Inc,NYSE,Non-Energy Materials,31.0
CTXS,"Citrix Systems, Inc.",NASDAQ,Technology,17.3
CUB,Cubic Corporation,NYSE,Industrials,-2.4
CUBI,"Customers Bancorp, Inc.",NYSE,Finance,-23.6
CUTR,"Cutera, Inc.",NASDAQ,Healthcare,-32.7
CUZ,Cousins Properties Incorporated,NYSE,Finance,-18.7
CVBF,CVB Financial Corp.,NASDAQ,Finance,-9.6
CVCO,"Cavco Industries, Inc.",NASDAQ,Consumer Cyclicals,-10.2
CVET,"Covetrus, Inc.",NASDAQ,Healthcare,117.7
CVGW,"Calavo Growers, Inc.",NASDAQ,Consumer Non-Cyclicals,-23.4
CVLT,"CommVault Systems, Inc.",NASDAQ,Technology,24.0
CVS,CVS Health Corporation,NYSE,Healthcare,-8.1
CVX,Chevron Corporation,NYSE,Energy,-29.9
CW,Curtiss-Wright Corporation,NYSE,Industrials,-17.4
CWT,California Water Service Group,NYSE,Utilities,4.8
CXO,Concho Resources Inc.,NYSE,Energy,-33.4
CXW,"CoreCivic, Inc.",NYSE,Finance,-62.3
CYH,"Community Health Systems, Inc.",NYSE,Healthcare,156.2
CYTK,"Cytokinetics, Incorporated",NASDAQ,Healthcare,95.9
CZR,Caesars Entertainment Inc,NASDAQ,Consumer Services,24.5
D,Dominion Energy Inc,NYSE,Utilities,-9.2
DAKT,"Daktronics, Inc.",NASDAQ,Technology,-23.2
DAL,"Delta Air Lines, Inc.",NYSE,Industrials,-31.2
DAN,Dana Incorporated,NYSE,Consumer Cyclicals,7.3
DAR,Darling Ingredients Inc.,NYSE,Consumer Non-Cyclicals,105.4
DBD,Diebold Nixdorf Incorporated,NYSE,Technology,0.9
DBI,Designer Brands Inc. Class A,NYSE,Consumer Cyclicals,-51.4
DCI,"Donaldson Company, Inc.",NYSE,Industrials,-3.0
DCOM,"Dime Community Bancshares, Inc.",NASDAQ,Finance,-24.5
DD,"DuPont de Nemours, Inc.",NYSE,Non-Energy Materials,10.8
DDD,3D Systems Corporation,NYSE,Industrials,19.8
DE,Deere & Company,NYSE,Industrials,55.3
DEA,"Easterly Government Properties, Inc.",NYSE,Finance,-4.6
DECK,Deckers Outdoor Corporation,NYSE,Consumer Cyclicals,69.8
DEI,"Douglas Emmett, Inc",NYSE,Finance,-33.5
DFIN,"Donnelley Financial Solutions, Inc.",NYSE,Technology,62.1
DFS,Discover Financial Services,NYSE,Finance,6.7
DG,Dollar General Corporation,NYSE,Consumer Non-Cyclicals,34.8
DGII,Digi International Inc.,NASDAQ,Technology,6.7
DGX,Quest Diagnostics Incorporated,NYSE,Healthcare,11.6
DHC,Diversified Healthcare Trust,NASDAQ,Finance,-49.7
DHI,"D.R. Horton, Inc.",NYSE,Consumer Cyclicals,30.7
DHR,Danaher Corporation,NYSE,Healthcare,44.7
DIN,"Dine Brands Global, Inc.",NYSE,Consumer Services,-30.6
DIOD,Diodes Incorporated,NASDAQ,Technology,25.1
DIS,Walt Disney Company,NYSE,Consumer Services,25.3
DISCA,"Discovery, Inc. Class A",NASDAQ,Consumer Services,-8.1
DISH,DISH Network Corporation Class A,NASDAQ,Telecommunications,-8.8
DKS,"Dick's Sporting Goods, Inc.",NYSE,Consumer Cyclicals,13.6
DLR,"Digital Realty Trust, Inc.",NYSE,Finance,16.5
DLTR,"Dollar Tree, Inc.",NASDAQ,Consumer Non-Cyclicals,14.9
DLX,Deluxe Corporation,NYSE,Business Services,-41.5
DNOW,NOW Inc.,NYSE,Industrials,-36.1
DOC,Physicians Realty Trust,NYSE,Finance,-6.0
DORM,"Dorman Products, Inc.",NASDAQ,Consumer Cyclicals,14.7
DOV,Dover Corporation,NYSE,Industrials,9.5
DOW,"Dow, Inc.",NYSE,Non-Energy Materials,1.4
DPZ,"Domino's Pizza, Inc.",NYSE,Consumer Services,30.5
DRE,Duke Realty Corporation,NYSE,Finance,15.3
DRH,DiamondRock Hospitality Company,NYSE,Finance,-25.5
DRI,"Darden Restaurants, Inc.",NYSE,Consumer Services,9.3
DRQ,"Dril-Quip, Inc.",NYSE,Energy,-36.9
DSPG,"DSP Group, Inc.",NASDAQ,Technology,5.4
DTE,DTE Energy Company,NYSE,Utilities,-6.5
DUK,Duke Energy Corporation,NYSE,Utilities,0.4
DVA,DaVita Inc.,NYSE,Healthcare,56.5
DVN,Devon Energy Corporation,NYSE,Energy,-39.1
DXC,DXC Technology Co.,NYSE,Technology,-31.5
DXCM,"DexCom, Inc.",NASDAQ,Healthcare,69.0
DXPE,"DXP Enterprises, Inc.",NASDAQ,Industrials,-44.2
DY,"Dycom Industries, Inc.",NYSE,Industrials,60.2
EA,Electronic Arts Inc.,NASDAQ,Technology,33.6
EAT,"Brinker International, Inc.",NYSE,Consumer Services,34.7
EBAY,eBay Inc.,NASDAQ,Consumer Non-Cyclicals,39.2
EBIX,"Ebix, Inc.",NASDAQ,Finance,13.6
EBS,Emergent BioSolutions Inc.,NYSE,Healthcare,66.1
ECHO,"Echo Global Logistics, Inc",NASDAQ,Industrials,29.6
ECL,Ecolab Inc.,NYSE,Non-Energy Materials,12.1
ECOL,"US Ecology, Inc.",NASDAQ,Business Services,-37.3
ECPG,"Encore Capital Group, Inc.",NASDAQ,Finance,10.2
ED,"Consolidated Edison, Inc.",NYSE,Utilities,-20.1
EFX,Equifax Inc.,NYSE,Business Services,37.6
EGBN,"Eagle Bancorp, Inc.",NASDAQ,Finance,-15.1
EGHT,"8x8, Inc.",NYSE,Technology,88.4
EGOV,NIC Inc.,NASDAQ,Business Services,15.6
EGP,"EastGroup Properties, Inc.",NYSE,Finance,4.1
EGRX,"Eagle Pharmaceuticals, Inc.",NASDAQ,Healthcare,-22.5
EHC,Encompass Health Corporation,NYSE,Healthcare,19.4
EHTH,"eHealth, Inc.",NASDAQ,Finance,-26.5
EIG,"Employers Holdings, Inc.",NYSE,Finance,-22.9
EIX,Edison International,NYSE,Utilities,-16.7
EL,Estee Lauder Companies Inc. Class A,NYSE,Consumer Non-Cyclicals,28.9
ELF,"e.l.f. Beauty, Inc.",NYSE,Consumer Non-Cyclicals,56.2
ELY,Callaway Golf Company,NYSE,Consumer Cyclicals,13.3
EME,"EMCOR Group, Inc.",NYSE,Industrials,6.0
EMN,Eastman Chemical Company,NYSE,Non-Energy Materials,26.5
EMR,Emerson Electric Co.,NYSE,Industrials,5.4
ENDP,Endo International Plc,NASDAQ,Healthcare,53.1
ENPH,"Enphase Energy, Inc.",NASDAQ,Industrials,571.5
ENR,"Energizer Holdings, Inc.",NYSE,Consumer Non-Cyclicals,-16.0
ENS,EnerSys,NYSE,Industrials,11.0
ENSG,"Ensign Group, Inc.",NASDAQ,Healthcare,60.7
ENTA,"Enanta Pharmaceuticals, Inc.",NASDAQ,Healthcare,-31.9
ENVA,Enova International Inc,NYSE,Finance,3.0
EOG,"EOG Resources, Inc.",NYSE,Energy,-40.5
EPAC,Enerpac Tool Group Corp Class A,NYSE,Industrials,-13.1
EPAY,"Bottomline Technologies (de), Inc.",NASDAQ,Technology,-1.6
EPC,Edgewell Personal Care Co.,NYSE,Consumer Non-Cyclicals,11.7
EPR,EPR Properties,NYSE,Finance,-54.0
EPRT,"Essential Properties Realty Trust, Inc.",NYSE,Finance,-14.6
EQIX,"Equinix, Inc.",NASDAQ,Finance,22.4
EQR,Equity Residential,NYSE,Finance,-26.7
EQT,EQT Corporation,NYSE,Energy,16.6
ES,Eversource Energy,NYSE,Utilities,1.7
ESE,ESCO Technologies Inc.,NYSE,Industrials,11.6
ESNT,Essent Group Ltd.,NYSE,Finance,-16.9
ESS,"Essex Property Trust, Inc.",NYSE,Finance,-21.1
ETH,Ethan Allen Interiors Inc.,NYSE,Consumer Cyclicals,6.0
ETN,Eaton Corp. Plc,NYSE,Industrials,26.8
ETR,Entergy Corporation,NYSE,Utilities,-16.7
ETRN,Equitrans Midstream Corp.,NYSE,Energy,-39.8
ETSY,"Etsy, Inc.",NASDAQ,Consumer Non-Cyclicals,301.6
EV,Eaton Vance Corp.,NYSE,Finance,45.5
EVR,Evercore Inc Class A,NYSE,Finance,46.7
EVRG,"Evergy, Inc.",NYSE,Utilities,-14.7
EVTC,"EVERTEC, Inc.",NYSE,Finance,15.5
EW,Edwards Lifesciences Corporation,NYSE,Healthcare,17.3
EWBC,"East West Bancorp, Inc.",NASDAQ,Finance,4.1
EXC,Exelon Corporation,NASDAQ,Utilities,-7.4
EXEL,"Exelixis, Inc.",NASDAQ,Healthcare,13.9
EXLS,"ExlService Holdings, Inc.",NASDAQ,Business Services,22.6
EXP,Eagle Materials Inc.,NYSE,Non-Energy Materials,11.8
EXPD,"Expeditors International of Washington, Inc.",NASDAQ,Industrials,21.9
EXPE,"Expedia Group, Inc.",NASDAQ,Consumer Services,22.4
EXPO,"Exponent, Inc.",NASDAQ,Business Services,30.5
EXR,Extra Space Storage Inc.,NYSE,Finance,9.7
EXTN,Exterran Corp.,NYSE,Energy,-43.6
EXTR,"Extreme Networks, Inc.",NASDAQ,Technology,-6.5
EZPW,"EZCORP, Inc. Class A",NASDAQ,Finance,-29.8
F,Ford Motor Company,NYSE,Consumer Cyclicals,-5.5
FAF,First American Financial Corporation,NYSE,Finance,-11.5
FANG,"Diamondback Energy, Inc.",NASDAQ,Energy,-47.9
FARO,"FARO Technologies, Inc.",NASDAQ,Industrials,40.3
FAST,Fastenal Company,NASDAQ,Industrials,32.2
FB,"Facebook, Inc. Class A",NASDAQ,Technology,33.1
FBC,"Flagstar Bancorp, Inc.",NYSE,Finance,6.6
FBHS,"Fortune Brands Home & Security, Inc.",NYSE,Consumer Non-Cyclicals,31.2
FBK,FB Financial Corporation,NYSE,Finance,-12.3
FBM,"Foundation Building Materials, Inc.",NYSE,Industrials,-0.7
FBNC,First Bancorp,NASDAQ,Finance,-15.2
FBP,First Bancorp,NYSE,Finance,-12.9
FCF,First Commonwealth Financial Corporation,NYSE,Finance,-24.6
FCFS,"FirstCash, Inc.",NASDAQ,Finance,-13.1
FCN,"FTI Consulting, Inc.",NYSE,Business Services,1.0
FCPT,"Four Corners Property Trust, Inc.",NYSE,Finance,5.6
FCX,"Freeport-McMoRan, Inc.",NYSE,Non-Energy Materials,98.3
FDP,Fresh Del Monte Produce Inc.,NYSE,Consumer Non-Cyclicals,-31.2
FDS,FactSet Research Systems Inc.,NYSE,Technology,23.9
FDX,FedEx Corporation,NYSE,Industrials,71.7
FE,FirstEnergy Corp.,NYSE,Utilities,-37.0
FELE,"Franklin Electric Co., Inc.",NASDAQ,Industrials,20.7
FF,FutureFuel Corp.,NYSE,Non-Energy Materials,2.5
FFBC,First Financial Bancorp.,NASDAQ,Finance,-31.1
FFIN,First Financial Bankshares Inc,NASDAQ,Finance,3.1
FFIV,"F5 Networks, Inc.",NASDAQ,Technology,26.0
FHB,"First Hawaiian, Inc.",NASDAQ,Finance,-18.3
FHI,"Federated Hermes, Inc. Class B",NYSE,Finance,-11.4
FHN,First Horizon Corporation,NYSE,Finance,-22.9
FICO,Fair Isaac Corporation,NYSE,Technology,36.4
FIS,"Fidelity National Information Services, Inc.",NYSE,Finance,1.7
FISV,"Fiserv, Inc.",NASDAQ,Finance,-1.5
FITB,Fifth Third Bancorp,NASDAQ,Finance,-10.3
FIVE,"Five Below, Inc.",NASDAQ,Consumer Non-Cyclicals,36.9
FIX,"Comfort Systems USA, Inc.",NYSE,Industrials,5.6
FIZZ,National Beverage Corp.,NASDAQ,Consumer Non-Cyclicals,66.4
FL,"Foot Locker, Inc.",NYSE,Consumer Cyclicals,3.7
FLGT,"Fulgent Genetics, Inc.",NASDAQ,Healthcare,303.9
FLIR,"FLIR Systems, Inc.",NASDAQ,Industrials,-15.8
FLO,"Flowers Foods, Inc.",NYSE,Consumer Non-Cyclicals,4.1
FLOW,"SPX Flow, Inc.",NYSE,Industrials,18.6
FLR,Fluor Corporation,NYSE,Industrials,-15.4
FLS,Flowserve Corporation,NYSE,Industrials,-26.0
FLT,"FLEETCOR Technologies, Inc.",NYSE,Finance,-5.2
FMBI,"First Midwest Bancorp, Inc.",NASDAQ,Finance,-31.0
FMC,FMC Corporation,NYSE,Non-Energy Materials,15.1
FN,Fabrinet,NYSE,Technology,19.7
FNB,F.N.B. Corporation,NYSE,Finance,-25.2
FOE,Ferro Corporation,NYSE,Non-Energy Materials,-1.3
FORM,"FormFactor, Inc.",NASDAQ,Technology,65.7
FORR,"Forrester Research, Inc.",NASDAQ,Business Services,0.5
FOSL,"Fossil Group, Inc.",NASDAQ,Consumer Cyclicals,10.0
FOXA,Fox Corporation Class A,NASDAQ,Consumer Services,-21.4
FOXF,Fox Factory Holding Corp.,NASDAQ,Consumer Cyclicals,51.9
FR,"First Industrial Realty Trust, Inc.",NYSE,Finance,1.5
FRC,First Republic Bank,NYSE,Finance,25.1
FRGI,"Fiesta Restaurant Group, Inc.",NASDAQ,Consumer Services,15.3
FRT,Federal Realty Investment Trust,NYSE,Finance,-33.9
FSLR,"First Solar, Inc.",NASDAQ,Industrials,76.8
FSP,Franklin Street Properties Corp.,NYSE AMERICAN,Finance,-48.9
FSS,Federal Signal Corporation,NYSE,Industrials,2.9
FTI,TechnipFMC Plc,NYSE,Energy,-56.2
FTNT,"Fortinet, Inc.",NASDAQ,Technology,39.1
FTV,Fortive Corp.,NYSE,Industrials,10.9
FUL,H.B. Fuller Company,NYSE,Non-Energy Materials,0.6
FULT,Fulton Financial Corporation,NASDAQ,Finance,-27.0
FWRD,Forward Air Corporation,NASDAQ,Industrials,9.8
GATX,GATX Corporation,NYSE,Finance,0.4
GBCI,"Glacier Bancorp, Inc.",NASDAQ,Finance,0.0
GBX,"Greenbrier Companies, Inc.",NYSE,Industrials,12.2
GCI,"Gannett Co., Inc.",NYSE,Consumer Services,-47.3
GCO,Genesco Inc.,NYSE,Consumer Cyclicals,-37.2
GCP,"GCP Applied Technologies, Inc.",NYSE,Non-Energy Materials,4.1
GD,General Dynamics Corporation,NYSE,Industrials,-15.6
GDOT,Green Dot Corporation Class A,NYSE,Finance,139.5
GE,General Electric Company,NYSE,Industrials,-3.2
GEF,Greif Class A,NYSE,Non-Energy Materials,6.1
GEO,GEO Group Inc,NYSE,Finance,-46.7
GES,"Guess?, Inc.",NYSE,Consumer Cyclicals,1.1
GFF,Griffon Corporation,NYSE,Consumer Cyclicals,0.2
GGG,Graco Inc.,NYSE,Industrials,39.1
GHC,Graham Holdings Co.,NYSE,Consumer Non-Cyclicals,-16.5
GHL,"Greenhill & Co., Inc.",NYSE,Finance,-28.9
GIII,"G-III Apparel Group, Ltd.",NASDAQ,Consumer Cyclicals,-29.1
GILD,"Gilead Sciences, Inc.",NASDAQ,Healthcare,-10.3
GIS,"General Mills, Inc.",NYSE,Consumer Non-Cyclicals,9.8
GKOS,Glaukos Corp,NYSE,Healthcare,38.2
GL,Globe Life Inc.,NYSE,Finance,-9.8
GLT,Glatfelter Corporation,NYSE,Non-Energy Materials,-10.5
GLUU,Glu Mobile Inc.,NASDAQ,Technology,48.9
GLW,Corning Inc,NYSE,Non-Energy Materials,23.7
GM,General Motors Company,NYSE,Consumer Cyclicals,13.8
GME,GameStop Corp. Class A,NYSE,Consumer Cyclicals,209.9
GMED,Globus Medical Inc Class A,NYSE,Healthcare,10.8
GMS,GMS Inc.,NYSE,Industrials,12.6
GNL,Global Net Lease Inc,NYSE,Finance,-15.5
GNRC,Generac Holdings Inc.,NYSE,Industrials,126.1
GNTX,Gentex Corporation,NASDAQ,Consumer Cyclicals,17.1
GNW,"Genworth Financial, Inc. Class A",NYSE,Finance,-14.1
GO,Grocery Outlet Holding Corp.,NASDAQ,Consumer Non-Cyclicals,21.0
GOOGL,Alphabet Inc. Class A,NASDAQ,Technology,30.9
GPC,Genuine Parts Company,NYSE,Consumer Cyclicals,-5.5
GPI,"Group 1 Automotive, Inc.",NYSE,Consumer Cyclicals,31.1
GPMT,Granite Point Mortgage Trust Inc.,NYSE,Finance,-45.6
GPN,Global Payments Inc.,NYSE,Finance,18.0
GPRE,Green Plains Inc.,NASDAQ,Non-Energy Materials,-14.6
GPS,"Gap, Inc.",NYSE,Consumer Cyclicals,14.2
GRMN,Garmin Ltd.,NASDAQ,Technology,22.7
GRUB,"Grubhub, Inc.",NYSE,Consumer Services,52.7
GS,"Goldman Sachs Group, Inc.",NYSE,Finance,14.7
GT,Goodyear Tire & Rubber Company,NASDAQ,Consumer Cyclicals,-29.9
GTLS,"Chart Industries, Inc.",NASDAQ,Industrials,74.5
GTY,Getty Realty Corp.,NYSE,Finance,-16.2
GVA,Granite Construction Incorporated,NYSE,Industrials,-3.5
GWB,"Great Western Bancorp, Inc.",NYSE,Finance,-39.8
GWW,"W.W. Grainger, Inc.",NYSE,Industrials,20.6
HA,"Hawaiian Holdings, Inc.",NASDAQ,Industrials,-39.6
HAE,Haemonetics Corporation,NYSE,Healthcare,3.4
HAFC,Hanmi Financial Corporation,NASDAQ,Finance,-43.3
HAIN,"Hain Celestial Group, Inc.",NASDAQ,Consumer Non-Cyclicals,54.7
HAL,Halliburton Company,NYSE,Energy,-22.8
HALO,"Halozyme Therapeutics, Inc.",NASDAQ,Healthcare,140.9
HAS,"Hasbro, Inc.",NASDAQ,Consumer Cyclicals,-11.4
HAYN,"Haynes International, Inc.",NASDAQ,Non-Energy Materials,-33.4
HBAN,Huntington Bancshares Incorporated,NASDAQ,Finance,-16.2
HBI,Hanesbrands Inc.,NYSE,Consumer Cyclicals,-1.8
HCA,HCA Healthcare Inc,NYSE,Healthcare,11.3
HCC,"Warrior Met Coal, Inc.",NYSE,Energy,0.9
HCI,"HCI Group, Inc.",NYSE,Finance,14.6
HCSG,"Healthcare Services Group, Inc.",NASDAQ,Consumer Non-Cyclicals,15.5
HD,"Home Depot, Inc.",NYSE,Consumer Cyclicals,21.6
HE,"Hawaiian Electric Industries, Inc.",NYSE,Utilities,-24.5
HELE,Helen of Troy Limited,NASDAQ,Consumer Non-Cyclicals,23.6
HES,Hess Corporation,NYSE,Energy,-21.0
HFC,HollyFrontier Corporation,NYSE,Energy,-49.0
HFWA,Heritage Financial Corporation,NASDAQ,Finance,-17.3
HI,"Hillenbrand, Inc.",NYSE,Industrials,19.5
HIBB,"Hibbett Sports, Inc.",NASDAQ,Consumer Cyclicals,64.7
HIG,"Hartford Financial Services Group, Inc.",NYSE,Finance,-19.4
HII,"Huntington Ingalls Industries, Inc.",NYSE,Industrials,-32.0
HIW,"Highwoods Properties, Inc.",NYSE,Finance,-19.0
HLIT,Harmonic Inc.,NASDAQ,Technology,-5.3
HLT,Hilton Worldwide Holdings Inc,NYSE,Consumer Services,0.3
HLX,"Helix Energy Solutions Group, Inc.",NYSE,Energy,-56.4
HMN,Horace Mann Educators Corporation,NYSE,Finance,-3.7
HMST,"HomeStreet, Inc.",NASDAQ,Finance,-0.7
HMSY,HMS Holdings Corp.,NASDAQ,Healthcare,24.2
HNGR,"Hanger, Inc.",NYSE,Healthcare,-20.4
HNI,HNI Corporation,NYSE,Consumer Non-Cyclicals,-8.0
HOG,"Harley-Davidson, Inc.",NYSE,Consumer Cyclicals,-1.3
HOLX,"Hologic, Inc.",NASDAQ,Healthcare,39.5
HOMB,"Home BancShares, Inc.",NASDAQ,Finance,-0.9
HON,Honeywell International Inc.,NYSE,Industrials,20.2
HOPE,"Hope Bancorp, Inc.",NASDAQ,Finance,-26.6
HP,"Helmerich & Payne, Inc.",NYSE,Energy,-49.0
HPE,Hewlett Packard Enterprise Co.,NYSE,Technology,-25.3
HPP,"Hudson Pacific Properties, Inc.",NYSE,Finance,-36.2
HPQ,HP Inc.,NYSE,Technology,19.7
HQY,HealthEquity Inc,NASDAQ,Business Services,-5.9
HR,Healthcare Realty Trust Incorporated,NYSE,Finance,-11.3
HRB,"H&R Block, Inc.",NYSE,Business Services,-32.5
HRC,"Hill-Rom Holdings, Inc.",NYSE,Healthcare,-13.7
HRL,Hormel Foods Corporation,NYSE,Consumer Non-Cyclicals,3.3
HSC,Harsco Corporation,NYSE,Non-Energy Materials,-21.9
HSIC,"Henry Schein, Inc.",NASDAQ,Healthcare,0.2
HSII,"Heidrick & Struggles International, Inc.",NASDAQ,Business Services,-9.6
HSKA,Heska Corporation,NASDAQ,Healthcare,51.8
HST,"Host Hotels & Resorts, Inc.",NASDAQ,Finance,-21.1
HSTM,"HealthStream, Inc.",NASDAQ,Healthcare,-19.7
HSY,Hershey Company,NYSE,Consumer Non-Cyclicals,3.6
HT,Hersha Hospitality Trust Class A,NYSE,Finance,-45.8
HTLD,"Heartland Express, Inc.",NASDAQ,Industrials,-14.0
HUBB,Hubbell Incorporated Class B,NYSE,Industrials,6.1
HUBG,"Hub Group, Inc. Class A",NASDAQ,Industrials,11.1
HUM,Humana Inc.,NYSE,Healthcare,11.9
HVT,"Haverty Furniture Companies, Inc.",NYSE,Consumer Cyclicals,37.3
HWC,Hancock Whitney Corporation,NASDAQ,Finance,-22.5
HWKN,"Hawkins, Inc.",NASDAQ,Non-Energy Materials,14.2
HWM,Howmet Aerospace Inc.,NYSE,Non-Energy Materials,14.1
HXL,Hexcel Corporation,NYSE,Industrials,-33.9
HZO,"MarineMax, Inc.",NYSE,Consumer Cyclicals,109.9
IAA,"IAA, Inc.",NYSE,Consumer Cyclicals,38.1
IART,Integra LifeSciences Holdings Corporation,NASDAQ,Healthcare,11.4
IBKR,"Interactive Brokers Group, Inc. Class A",NASDAQ,Finance,30.7
IBM,International Business Machines Corporation,NYSE,Technology,-6.1
IBOC,International Bancshares Corporation,NASDAQ,Finance,-13.1
IBP,"Installed Building Products, Inc.",NYSE,Industrials,48.0
IBTX,"Independent Bank Group, Inc.",NASDAQ,Finance,12.8
ICE,"Intercontinental Exchange, Inc.",NYSE,Finance,24.6
ICHR,"Ichor Holdings, Ltd.",NASDAQ,Technology,-9.4
ICUI,"ICU Medical, Inc.",NASDAQ,Healthcare,14.6
IDA,"IDACORP, Inc.",NYSE,Utilities,-10.1
IDCC,"InterDigital, Inc.",NASDAQ,Technology,11.4
IDXX,"IDEXX Laboratories, Inc.",NASDAQ,Healthcare,91.4
IEX,IDEX Corporation,NYSE,Industrials,15.8
IFF,International Flavors & Fragrances Inc.,NYSE,Non-Energy Materials,-15.6
IIIN,"Insteel Industries, Inc.",NASDAQ,Non-Energy Materials,3.6
IIPR,Innovative Industrial Properties Inc,NYSE,Finance,141.4
IIVI,II-VI Incorporated,NASDAQ,Technology,125.6
ILMN,"Illumina, Inc.",NASDAQ,Healthcare,11.5
ILPT,Industrial Logistics Properties Trust,NASDAQ,Finance,3.9
INCY,Incyte Corporation,NASDAQ,Healthcare,-0.4
INDB,Independent Bank Corp.,NASDAQ,Finance,-12.3
INFO,IHS Markit Ltd.,NYSE,Technology,19.2
INGN,"Inogen, Inc.",NASDAQ,Healthcare,-34.6
INGR,Ingredion Incorporated,NYSE,Non-Energy Materials,-15.4
INN,"Summit Hotel Properties, Inc.",NYSE,Finance,-27.0
INT,World Fuel Services Corporation,NYSE,Industrials,-28.2
INTC,Intel Corporation,NASDAQ,Technology,-16.8
INTU,Intuit Inc.,NASDAQ,Technology,45.0
INVA,"Innoviva, Inc.",NASDAQ,Healthcare,-12.5
IOSP,Innospec Inc.,NASDAQ,Non-Energy Materials,-12.3
IP,International Paper Company,NYSE,Non-Energy Materials,8.0
IPAR,"Inter Parfums, Inc.",NASDAQ,Consumer Non-Cyclicals,-16.8
IPG,"Interpublic Group of Companies, Inc.",NYSE,Business Services,1.8
IPGP,IPG Photonics Corporation,NASDAQ,Industrials,54.4
IQV,IQVIA Holdings Inc,NYSE,Healthcare,16.0
IR,Ingersoll Rand Inc.,NYSE,Industrials,24.2
IRBT,iRobot Corporation,NASDAQ,Consumer Non-Cyclicals,58.6
IRDM,Iridium Communications Inc.,NASDAQ,Telecommunications,59.6
IRM,"Iron Mountain, Inc.",NYSE,Finance,-7.5
IRT,"Independence Realty Trust, Inc.",NYSE,Finance,-4.6
ISRG,"Intuitive Surgical, Inc.",NASDAQ,Healthcare,38.4
IT,"Gartner, Inc.",NYSE,Technology,4.0
ITGR,Integer Holdings Corporation,NYSE,Healthcare,0.9
ITRI,"Itron, Inc.",NASDAQ,Industrials,14.2
ITT,"ITT, Inc.",NYSE,Industrials,4.2
ITW,Illinois Tool Works Inc.,NYSE,Industrials,13.5
IVC,Invacare Corporation,NYSE,Healthcare,-0.8
IVR,Invesco Mortgage Capital Inc.,NYSE,Finance,-79.7
IVZ,Invesco Ltd.,NYSE,Finance,-3.1
J,Jacobs Engineering Group Inc.,NYSE,Industrials,21.3
JACK,Jack in the Box Inc.,NASDAQ,Consumer Services,18.9
JAZZ,Jazz Pharmaceuticals Plc,NASDAQ,Healthcare,10.6
JBGS,JBG SMITH Properties,NYSE,Finance,-21.6
JBHT,"J.B. Hunt Transport Services, Inc.",NASDAQ,Industrials,17.0
JBL,Jabil Inc.,NYSE,Technology,2.9
JBLU,JetBlue Airways Corporation,NASDAQ,Industrials,-22.3
JBSS,"John B. Sanfilippo & Son, Inc.",NASDAQ,Consumer Non-Cyclicals,-13.6
JBT,John Bean Technologies Corporation,NYSE,Industrials,1.1
JCI,Johnson Controls International plc,NYSE,Industrials,14.4
JCOM,"J2 Global, Inc.",NASDAQ,Technology,4.2
JEF,Jefferies Financial Group Inc.,NYSE,Finance,15.1
JHG,Janus Henderson Group PLC,NYSE,Finance,33.0
JJSF,J & J Snack Foods Corp.,NASDAQ,Consumer Non-Cyclicals,-15.7
JKHY,"Jack Henry & Associates, Inc.",NASDAQ,Finance,11.2
JLL,Jones Lang LaSalle Incorporated,NYSE,Finance,-14.8
JNJ,Johnson & Johnson,NYSE,Healthcare,7.9
JNPR,"Juniper Networks, Inc.",NYSE,Technology,-8.6
JOE,St. Joe Company,NYSE,Finance,114.1
JPM,JPMorgan Chase & Co.,NYSE,Finance,-8.8
JRVR,James River Group Holdings Ltd,NASDAQ,Finance,19.3
JW.A,"John Wiley & Sons, Inc. Class A",NYSE,Consumer Services,-5.9
JWN,"Nordstrom, Inc.",NYSE,Consumer Non-Cyclicals,-23.7
K,Kellogg Company,NYSE,Consumer Non-Cyclicals,-10.0
KALU,Kaiser Aluminum Corporation,NASDAQ,Non-Energy Materials,-10.8
KAMN,Kaman Corporation Class A,NYSE,Industrials,-13.3
KAR,"KAR Auction Services, Inc.",NYSE,Consumer Cyclicals,-14.6
KBH,KB Home,NYSE,Consumer Cyclicals,-2.2
KBR,"KBR, Inc.",NYSE,Industrials,1.4
KELYA,"Kelly Services, Inc. Class A",NASDAQ,Business Services,-8.9
KEX,Kirby Corporation,NYSE,Industrials,-42.1
KEY,KeyCorp,NYSE,Finance,-18.9
KEYS,Keysight Technologies Inc,NYSE,Technology,28.7
KFY,Korn Ferry,NYSE,Business Services,2.6
KHC,Kraft Heinz Company,NASDAQ,Consumer Non-Cyclicals,7.9
KIM,Kimco Realty Corporation,NYSE,Finance,-27.5
KLAC,KLA Corporation,NASDAQ,Technology,45.3
KLIC,"Kulicke & Soffa Industries, Inc.",NASDAQ,Technology,16.9
KMB,Kimberly-Clark Corporation,NYSE,Consumer Non-Cyclicals,-2.0
KMI,Kinder Morgan Inc Class P,NYSE,Energy,-35.4
KMPR,Kemper Corporation,NYSE,Finance,-0.9
KMT,Kennametal Inc.,NYSE,Industrials,-1.8
KMX,"CarMax, Inc.",NYSE,Consumer Cyclicals,7.7
KN,Knowles Corp.,NYSE,Technology,-12.9
KNSL,"Kinsale Capital Group, Inc.",NASDAQ,Finance,96.9
KNX,Knight-Swift Transportation Holdings Inc. Class A,NYSE,Industrials,16.7
KO,Coca-Cola Company,NYSE,Consumer Non-Cyclicals,-0.9
KOP,Koppers Holdings Inc.,NYSE,Non-Energy Materials,-18.5
KR,Kroger Co.,NYSE,Consumer Non-Cyclicals,9.6
KRA,Kraton Corporation,NYSE,Non-Energy Materials,9.8
KRC,Kilroy Realty Corporation,NYSE,Finance,-31.6
KREF,KKR Real Estate Finance Trust Inc.,NYSE,Finance,-12.2
KRG,Kite Realty Group Trust,NYSE,Finance,-23.4
KSS,Kohl's Corporation,NYSE,Consumer Non-Cyclicals,-20.1
KSU,Kansas City Southern,NYSE,Industrials,33.3
KTB,"Kontoor Brands, Inc.",NYSE,Consumer Cyclicals,-3.4
KWR,Quaker Chemical Corporation,NYSE,Non-Energy Materials,54.0
L,Loews Corporation,NYSE,Finance,-14.2
LAD,"Lithia Motors, Inc. Class A",NYSE,Consumer Cyclicals,99.1
LAMR,Lamar Advertising Company Class A,NASDAQ,Finance,-6.8
LANC,Lancaster Colony Corporation,NASDAQ,Consumer Non-Cyclicals,14.8
LB,"L Brands, Inc.",NYSE,Consumer Cyclicals,105.2
LCI,"Lannett Company, Inc.",NYSE,Healthcare,-26.1
LCII,LCI Industries,NYSE,Consumer Cyclicals,21.0
LDL,"Lydall, Inc.",NYSE,Industrials,46.3
LDOS,"Leidos Holdings, Inc.",NYSE,Industrials,7.4
LEA,Lear Corporation,NYSE,Consumer Cyclicals,15.9
LECO,"Lincoln Electric Holdings, Inc.",NASDAQ,Industrials,20.2
LEG,"Leggett & Platt, Incorporated",NYSE,Non-Energy Materials,-12.8
LEN,Lennar Corporation Class A,NYSE,Consumer Cyclicals,36.6
LFUS,"Littelfuse, Inc.",NASDAQ,Technology,33.1
LGIH,"LGI Homes, Inc.",NASDAQ,Consumer Cyclicals,49.8
LGND,Ligand Pharmaceuticals Incorporated,NASDAQ,Healthcare,-4.6
LH,Laboratory Corporation of America Holdings,NYSE,Healthcare,20.3
LHCG,"LHC Group, Inc.",NASDAQ,Healthcare,54.8
LHX,L3Harris Technologies Inc,NYSE,Industrials,-4.5
LII,Lennox International Inc.,NYSE,Industrials,12.3
LIN,Linde plc,NYSE,Non-Energy Materials,23.8
LITE,"Lumentum Holdings, Inc.",NASDAQ,Technology,19.5
LIVN,LivaNova Plc,NASDAQ,Healthcare,-12.2
LKQ,LKQ Corporation,NASDAQ,Consumer Cyclicals,-1.3
LL,"Lumber Liquidators Holdings, Inc.",NYSE,Consumer Cyclicals,214.6
LLY,Eli Lilly and Company,NYSE,Healthcare,28.5
LMAT,"LeMaitre Vascular, Inc.",NASDAQ,Healthcare,12.7
LMNX,Luminex Corp,NASDAQ,Healthcare,-0.2
LMT,Lockheed Martin Corporation,NYSE,Industrials,-8.8
LNC,Lincoln National Corporation,NYSE,Finance,-14.7
LNN,Lindsay Corporation,NYSE,Industrials,33.8
LNT,Alliant Energy Corp,NASDAQ,Utilities,-5.8
LNTH,Lantheus Holdings Inc,NASDAQ,Healthcare,-34.2
LOCO,El Pollo Loco Holdings Inc,NASDAQ,Consumer Services,19.6
LOPE,"Grand Canyon Education, Inc.",NASDAQ,Consumer Non-Cyclicals,-2.8
LOW,"Lowe's Companies, Inc.",NYSE,Consumer Cyclicals,34.0
LPG,Dorian LPG Ltd.,NYSE,Energy,-21.3
LPI,"Laredo Petroleum, Inc.",NYSE,Energy,-65.7
LPSN,"LivePerson, Inc.",NASDAQ,Technology,68.2
LPX,Louisiana-Pacific Corporation,NYSE,Non-Energy Materials,25.3
LQDT,"Liquidity Services, Inc.",NASDAQ,Consumer Cyclicals,166.9
LRCX,Lam Research Corporation,NASDAQ,Technology,61.5
LSI,"Life Storage, Inc.",NYSE,Finance,10.3
LSTR,"Landstar System, Inc.",NASDAQ,Industrials,18.3
LTC,"LTC Properties, Inc.",NYSE,Finance,-13.1
LTHM,Livent Corporation,NYSE,Non-Energy Materials,120.4
LUMN,"Lumen Technologies, Inc.",NYSE,Telecommunications,-26.2
LUV,Southwest Airlines Co.,NYSE,Industrials,-13.7
LVS,Las Vegas Sands Corp.,NYSE,Consumer Services,-13.7
LW,"Lamb Weston Holdings, Inc.",NYSE,Consumer Non-Cyclicals,-8.5
LXP,Lexington Realty Trust,NYSE,Finance,0.0
LYB,LyondellBasell Industries NV,NYSE,Non-Energy Materials,-3.0
LYV,"Live Nation Entertainment, Inc.",NYSE,Consumer Services,2.8
LZB,LaZBoy Incorporated,NYSE,Consumer Cyclicals,26.6
M,Macy's Inc,NYSE,Consumer Non-Cyclicals,-33.8
MA,Mastercard Incorporated Class A,NYSE,Finance,19.5
MAA,"Mid-America Apartment Communities, Inc.",NYSE,Finance,-3.9
MAC,Macerich Company,NYSE,Finance,-60.4
MAN,ManpowerGroup Inc.,NYSE,Business Services,-7.1
MANH,"Manhattan Associates, Inc.",NASDAQ,Technology,31.9
MANT,ManTech International Corporation Class A,NASDAQ,Industrials,11.3
MAR,"Marriott International, Inc. Class A",NASDAQ,Consumer Services,-12.9
MAS,Masco Corporation,NYSE,Consumer Non-Cyclicals,14.5
MASI,Masimo Corporation,NASDAQ,Healthcare,69.8
MAT,"Mattel, Inc.",NASDAQ,Consumer Cyclicals,28.8
MATW,Matthews International Corporation Class A,NASDAQ,Business Services,-23.0
MATX,"Matson, Inc.",NYSE,Industrials,39.6
MCD,McDonald's Corporation,NYSE,Consumer Services,8.6
MCHP,Microchip Technology Incorporated,NASDAQ,Technology,31.9
MCK,McKesson Corporation,NYSE,Healthcare,25.7
MCO,Moody's Corporation,NYSE,Business Services,22.3
MCRI,"Monarch Casino & Resort, Inc.",NASDAQ,Consumer Services,26.1
MCS,Marcus Corporation,NYSE,Consumer Services,-57.6
MCY,Mercury General Corporation,NYSE,Finance,7.1
MD,"MEDNAX, Inc.",NYSE,Healthcare,-11.7
MDC,"M.D.C. Holdings, Inc.",NYSE,Consumer Cyclicals,27.4
MDLZ,"Mondelez International, Inc. Class A",NASDAQ,Consumer Non-Cyclicals,6.2
MDP,Meredith Corporation,NYSE,Consumer Services,-40.9
MDRX,"Allscripts Healthcare Solutions, Inc.",NASDAQ,Healthcare,47.1
MDT,Medtronic Plc,NYSE,Healthcare,3.3
MDU,MDU Resources Group Inc,NYSE,Industrials,-11.3
MED,"Medifast, Inc.",NYSE,Consumer Non-Cyclicals,79.2
MEDP,"Medpace Holdings, Inc.",NASDAQ,Healthcare,65.6
MEI,"Methode Electronics, Inc.",NYSE,Consumer Cyclicals,-2.7
MERC,Mercer International Inc.,NASDAQ,Non-Energy Materials,-16.7
MET,"MetLife, Inc.",NYSE,Finance,-7.9
MGLN,"Magellan Health, Inc.",NASDAQ,Healthcare,5.9
MGM,MGM Resorts International,NYSE,Consumer Services,-5.3
MGPI,"MGP Ingredients, Inc.",NASDAQ,Consumer Non-Cyclicals,-2.9
MHK,"Mohawk Industries, Inc.",NYSE,Non-Energy Materials,3.4
MHO,"M/I Homes, Inc.",NYSE,Consumer Cyclicals,12.6
MIDD,Middleby Corporation,NASDAQ,Industrials,17.7
MIK,Michaels Companies Inc,NASDAQ,Consumer Cyclicals,60.8
MKC,"McCormick & Company, Incorporated",NYSE,Consumer Non-Cyclicals,12.6
MKSI,"MKS Instruments, Inc.",NASDAQ,Technology,36.8
MKTX,MarketAxess Holdings Inc.,NASDAQ,Finance,50.5
MLAB,"Mesa Laboratories, Inc.",NASDAQ,Industrials,14.9
MLHR,"Herman Miller, Inc.",NASDAQ,Consumer Non-Cyclicals,-18.8
MLI,"Mueller Industries, Inc.",NYSE,Non-Energy Materials,10.6
MLM,"Martin Marietta Materials, Inc.",NYSE,Non-Energy Materials,1.5
MMC,"Marsh & McLennan Companies, Inc.",NYSE,Business Services,5.0
MMI,"Marcus & Millichap, Inc.",NYSE,Finance,-0.1
MMM,3M Company,NYSE,Non-Energy Materials,-0.9
MMS,"MAXIMUS, Inc.",NYSE,Healthcare,-1.6
MMSI,"Merit Medical Systems, Inc.",NASDAQ,Healthcare,77.8
MNRO,Monro Inc,NASDAQ,Consumer Cyclicals,-31.8
MNST,Monster Beverage Corporation,NASDAQ,Consumer Non-Cyclicals,45.5
MO,Altria Group Inc,NYSE,Consumer Non-Cyclicals,-17.9
MODV,ModivCare Inc.,NASDAQ,Healthcare,134.3
MOG.A,Moog Inc. Class A,NYSE,Industrials,-7.1
MOH,"Molina Healthcare, Inc.",NYSE,Healthcare,56.7
MOS,Mosaic Company,NYSE,Non-Energy Materials,6.3
MOV,"Movado Group, Inc.",NYSE,Consumer Cyclicals,-23.6
MPAA,"Motorcar Parts of America, Inc.",NASDAQ,Consumer Cyclicals,-10.9
MPC,Marathon Petroleum Corporation,NYSE,Energy,-31.4
MPW,"Medical Properties Trust, Inc.",NYSE,Finance,3.2
MPWR,"Monolithic Power Systems, Inc.",NASDAQ,Technology,105.7
MRCY,"Mercury Systems, Inc.",NASDAQ,Industrials,27.4
MRK,"Merck & Co., Inc.",NYSE,Healthcare,-10.1
MRO,Marathon Oil Corporation,NYSE,Energy,-50.9
MRTN,"Marten Transport, Ltd.",NASDAQ,Industrials,20.3
MS,Morgan Stanley,NYSE,Finance,34.1
MSA,"MSA Safety, Inc.",NYSE,Industrials,18.2
MSCI,MSCI Inc. Class A,NYSE,Technology,73.0
MSFT,Microsoft Corporation,NASDAQ,Technology,41.0
MSI,"Motorola Solutions, Inc.",NYSE,Technology,5.5
MSM,"MSC Industrial Direct Co., Inc. Class A",NYSE,Industrials,7.5
MSTR,MicroStrategy Incorporated Class A,NASDAQ,Technology,172.4
MTB,M&T Bank Corporation,NYSE,Finance,-25.0
MTD,Mettler-Toledo International Inc.,NYSE,Healthcare,43.7
MTDR,Matador Resources Company,NYSE,Energy,-32.9
MTG,MGIC Investment Corporation,NYSE,Finance,-11.4
MTH,Meritage Homes Corporation,NYSE,Consumer Cyclicals,35.5
MTOR,"Meritor, Inc.",NYSE,Industrials,6.6
MTRN,Materion Corporation,NYSE,Non-Energy Materials,7.2
MTRX,Matrix Service Company,NASDAQ,Industrials,-51.8
MTSC,MTS Systems Corporation,NASDAQ,Industrials,21.1
MTX,Minerals Technologies Inc.,NYSE,Non-Energy Materials,7.8
MTZ,"MasTec, Inc.",NYSE,Industrials,6.3
MU,"Micron Technology, Inc.",NASDAQ,Technology,39.8
MUR,Murphy Oil Corporation,NYSE,Energy,-54.9
MUSA,"Murphy USA, Inc.",NYSE,Consumer Cyclicals,11.9
MXIM,"Maxim Integrated Products, Inc.",NASDAQ,Technology,44.1
MXL,MaxLinear inc,NYSE,Technology,80.0
MYE,"Myers Industries, Inc.",NYSE,Non-Energy Materials,24.6
MYGN,"Myriad Genetics, Inc.",NASDAQ,Healthcare,-27.4
MYRG,MYR Group Inc.,NASDAQ,Industrials,84.4
NATI,National Instruments Corporation,NASDAQ,Technology,3.8
NAVI,Navient Corp,NASDAQ,Finance,-28.2
NBHC,National Bank Holdings Corporation Class A,NYSE,Finance,-7.0
NBR,Nabors Industries Ltd.,NYSE,Energy,-59.6
NBTB,NBT Bancorp Inc.,NASDAQ,Finance,-20.9
NCLH,Norwegian Cruise Line Holdings Ltd.,NYSE,Consumer Services,-56.5
NCR,NCR Corporation,NYSE,Technology,6.9
NDAQ,"Nasdaq, Inc.",NASDAQ,Finance,23.9
NDSN,Nordson Corporation,NASDAQ,Industrials,23.4
NEE,"NextEra Energy, Inc.",NYSE,Utilities,27.4
NEM,Newmont Corporation,NYSE,Non-Energy Materials,37.8
NEO,"NeoGenomics, Inc.",NASDAQ,Healthcare,84.1
NEOG,Neogen Corporation,NASDAQ,Healthcare,21.5
NEU,NewMarket Corporation,NYSE,Non-Energy Materials,-18.1
NFBK,"Northfield Bancorp, Inc.",NASDAQ,Finance,-27.3
NFG,National Fuel Gas Company,NYSE,Utilities,-11.6
NFLX,"Netflix, Inc.",NASDAQ,Technology,67.1
NGVT,Ingevity Corporation,NYSE,Non-Energy Materials,-13.3
NI,NiSource Inc,NYSE,Utilities,-17.6
NJR,New Jersey Resources Corporation,NYSE,Utilities,-20.2
NKE,"NIKE, Inc. Class B",NYSE,Consumer Cyclicals,39.6
NKTR,Nektar Therapeutics,NASDAQ,Healthcare,-21.2
NLOK,NortonLifeLock Inc.,NASDAQ,Technology,-18.6
NLSN,Nielsen Holdings Plc,NYSE,Business Services,2.8
NMIH,"NMI Holdings, Inc. Class A",NASDAQ,Finance,-31.7
NNN,"National Retail Properties, Inc.",NYSE,Finance,-23.7
NOC,Northrop Grumman Corporation,NYSE,Industrials,-11.4
NOV,NOV Inc.,NYSE,Energy,-45.2
NOW,"ServiceNow, Inc.",NYSE,Technology,95.0
NP,Neenah Inc,NYSE,Non-Energy Materials,-21.5
NPK,"National Presto Industries, Inc.",NYSE,Industrials,0.0
NPO,"EnPro Industries, Inc.",NYSE,Industrials,12.9
NRG,"NRG Energy, Inc.",NYSE,Utilities,-5.5
NSA,National Storage Affiliates Trust,NYSE,Finance,7.2
NSC,Norfolk Southern Corporation,NYSE,Industrials,22.4
NSIT,"Insight Enterprises, Inc.",NASDAQ,Technology,8.3
NSP,"Insperity, Inc.",NYSE,Business Services,-5.4
NTAP,"NetApp, Inc.",NASDAQ,Technology,6.4
NTCT,"NetScout Systems, Inc.",NASDAQ,Technology,13.9
NTGR,"NETGEAR, Inc.",NASDAQ,Technology,65.8
NTRS,Northern Trust Corporation,NASDAQ,Finance,-12.3
NTUS,Natus Medical Incorporated,NASDAQ,Healthcare,-39.3
NUE,Nucor Corporation,NYSE,Non-Energy Materials,-5.5
NUS,"Nu Skin Enterprises, Inc. Class A",NYSE,Consumer Non-Cyclicals,33.3
NUVA,"NuVasive, Inc.",NASDAQ,Healthcare,-27.2
NVDA,NVIDIA Corporation,NASDAQ,Technology,121.9
NVR,"NVR, Inc.",NYSE,Consumer Cyclicals,7.1
NVT,nVent Electric plc,NYSE,Industrials,-9.0
NWBI,"Northwest Bancshares, Inc.",NASDAQ,Finance,-23.4
NWE,NorthWestern Corporation,NASDAQ,Utilities,-18.6
NWL,Newell Brands Inc,NASDAQ,Consumer Non-Cyclicals,10.5
NWN,Northwest Natural Holding Co.,NYSE,Utilities,-37.6
NWSA,News Corporation Class A,NASDAQ,Consumer Services,27.1
NX,Quanex Building Products Corporation,NYSE,Non-Energy Materials,29.8
NXGN,"NextGen Healthcare, Inc.",NASDAQ,Healthcare,13.5
NXRT,NexPoint Residential Trust Inc,NYSE,Finance,-6.0
NYCB,"New York Community Bancorp, Inc.",NYSE,Finance,-12.2
NYMT,"New York Mortgage Trust, Inc.",NASDAQ,Finance,-40.8
NYT,New York Times Company Class A,NYSE,Consumer Services,60.9
O,Realty Income Corporation,NYSE,Finance,-15.6
OC,Owens Corning,NYSE,Non-Energy Materials,16.3
ODFL,"Old Dominion Freight Line, Inc.",NASDAQ,Industrials,54.3
ODP,ODP Corporation,NASDAQ,Consumer Cyclicals,6.9
OFC,Corporate Office Properties Trust,NYSE,Finance,-11.2
OFG,OFG Bancorp,NYSE,Finance,-21.5
OFIX,"Orthofix Medical, Inc.",NASDAQ,Healthcare,-6.9
OGE,OGE Energy Corp.,NYSE,Utilities,-28.4
OGS,"ONE Gas, Inc.",NYSE,Utilities,-18.0
OHI,"Omega Healthcare Investors, Inc.",NYSE,Finance,-14.2
OI,O-I Glass Inc,NYSE,Non-Energy Materials,-0.3
OII,"Oceaneering International, Inc.",NYSE,Energy,-46.7
OIS,"Oil States International, Inc.",NYSE,Energy,-69.2
OKE,"ONEOK, Inc.",NYSE,Energy,-49.3
OLED,Universal Display Corporation,NASDAQ,Technology,11.5
OLLI,Ollie's Bargain Outlet Holdings Inc,NASDAQ,Consumer Non-Cyclicals,25.2
OLN,Olin Corporation,NYSE,Non-Energy Materials,42.4
OMC,Omnicom Group Inc,NYSE,Business Services,-23.0
OMCL,"Omnicell, Inc.",NASDAQ,Healthcare,46.9
OMI,"Owens & Minor, Inc.",NYSE,Healthcare,423.2
ONB,Old National Bancorp,NASDAQ,Finance,-9.5
ONTO,"Onto Innovation, Inc.",NYSE,Technology,30.1
OPI,Office Properties Income Trust,NASDAQ,Finance,-29.3
ORCL,Oracle Corporation,NYSE,Technology,22.1
ORI,Old Republic International Corporation,NYSE,Finance,-11.9
ORLY,"O'Reilly Automotive, Inc.",NASDAQ,Consumer Cyclicals,3.3
OSIS,"OSI Systems, Inc.",NASDAQ,Technology,-7.5
OSK,Oshkosh Corp,NYSE,Industrials,-9.1
OSPN,OneSpan Inc.,NASDAQ,Technology,20.8
OSUR,"OraSure Technologies, Inc.",NASDAQ,Healthcare,31.8
OTIS,Otis Worldwide Corporation,NYSE,Business Services,#N/A
OXM,"Oxford Industries, Inc.",NYSE,Consumer Cyclicals,-13.1
OXY,Occidental Petroleum Corporation,NYSE,Energy,-58.0
OZK,Bank OZK,NASDAQ,Finance,2.5
PACW,PacWest Bancorp,NASDAQ,Finance,-33.6
PAHC,Phibro Animal Health Corporation Class A,NASDAQ,Healthcare,-21.8
PARR,Par Pacific Holdings Inc,NYSE,Energy,-39.8
PATK,"Patrick Industries, Inc.",NASDAQ,Consumer Cyclicals,30.4
PAYC,"Paycom Software, Inc.",NYSE,Technology,70.8
PAYX,"Paychex, Inc.",NASDAQ,Business Services,9.5
PB,"Prosperity Bancshares, Inc.(R)",NYSE,Finance,-3.5
PBCT,"People's United Financial, Inc.",NASDAQ,Finance,-23.5
PBF,"PBF Energy, Inc. Class A",NYSE,Energy,-77.4
PBH,Prestige Consumer Healthcare Inc,NYSE,Healthcare,-13.9
PBI,Pitney Bowes Inc.,NYSE,Technology,52.9
PCAR,PACCAR Inc,NASDAQ,Industrials,9.1
PCH,PotlatchDeltic Corporation,NASDAQ,Finance,15.6
PCRX,"Pacira Biosciences, Inc.",NASDAQ,Healthcare,32.1
PCTY,Paylocity Holding Corp.,NASDAQ,Technology,70.4
PDCE,"PDC Energy, Inc.",NASDAQ,Energy,-21.6
PDCO,"Patterson Companies, Inc.",NASDAQ,Healthcare,44.7
PDFS,"PDF Solutions, Inc.",NASDAQ,Technology,27.9
PEAK,"Healthpeak Properties, Inc.",NYSE,Finance,-12.3
PEB,Pebblebrook Hotel Trust,NYSE,Finance,-29.9
PEG,Public Service Enterprise Group Inc,NYSE,Utilities,-1.3
PEN,"Penumbra, Inc.",NYSE,Healthcare,6.5
PENN,"Penn National Gaming, Inc.",NASDAQ,Consumer Services,237.9
PEP,"PepsiCo, Inc.",NASDAQ,Consumer Non-Cyclicals,8.5
PETS,"PetMed Express, Inc.",NASDAQ,Consumer Cyclicals,36.3
PFBC,Preferred Bank,NASDAQ,Finance,-16.0
PFE,Pfizer Inc.,NYSE,Healthcare,-0.8
PFG,"Principal Financial Group, Inc.",NASDAQ,Finance,-9.8
PFS,"Provident Financial Services, Inc.",NYSE,Finance,-27.1
PG,Procter & Gamble Company,NYSE,Consumer Non-Cyclicals,11.4
PGR,Progressive Corporation,NYSE,Finance,36.6
PGTI,"PGT Innovations, Inc.",NYSE,Non-Energy Materials,36.4
PH,Parker-Hannifin Corporation,NYSE,Industrials,32.4
PHM,"PulteGroup, Inc.",NYSE,Consumer Cyclicals,11.1
PII,Polaris Inc.,NYSE,Consumer Cyclicals,-6.3
PIPR,Piper Sandler Companies,NYSE,Finance,26.2
PK,"Park Hotels & Resorts, Inc.",NYSE,Finance,-33.7
PKE,Park Aerospace Corp.,NYSE,Non-Energy Materials,-17.6
PKG,Packaging Corporation of America,NYSE,Non-Energy Materials,23.1
PKI,"PerkinElmer, Inc.",NYSE,Healthcare,47.8
PLAB,"Photronics, Inc.",NASDAQ,Technology,-29.2
PLAY,"Dave & Buster's Entertainment, Inc.",NASDAQ,Consumer Services,-25.3
PLCE,"Children's Place, Inc.",NASDAQ,Consumer Cyclicals,-19.9
PLD,"Prologis, Inc.",NYSE,Finance,11.8
PLMR,"Palomar Holdings, Inc.",NASDAQ,Finance,76.0
PLT,"Plantronics, Inc.",NYSE,Technology,-1.1
PLUS,ePlus inc.,NASDAQ,Technology,4.3
PLXS,Plexus Corp.,NASDAQ,Technology,1.7
PM,Philip Morris International Inc.,NYSE,Consumer Non-Cyclicals,-2.7
PMT,PennyMac Mortgage Investment Trust,NYSE,Finance,-21.1
PNC,"PNC Financial Services Group, Inc.",NYSE,Finance,-6.7
PNFP,"Pinnacle Financial Partners, Inc.",NASDAQ,Finance,0.6
PNM,"PNM Resources, Inc.",NYSE,Utilities,-4.3
PNR,Pentair plc,NYSE,Industrials,15.7
PNTG,Pennant Group Inc,NASDAQ,Healthcare,75.6
PNW,Pinnacle West Capital Corporation,NYSE,Utilities,-11.1
POOL,Pool Corporation,NASDAQ,Industrials,75.4
POST,"Post Holdings, Inc.",NYSE,Consumer Non-Cyclicals,-7.4
POWI,"Power Integrations, Inc.",NASDAQ,Technology,65.5
POWL,"Powell Industries, Inc.",NASDAQ,Industrials,-39.8
PPBI,"Pacific Premier Bancorp, Inc.",NASDAQ,Finance,-3.9
PPC,Pilgrim's Pride Corporation,NASDAQ,Consumer Non-Cyclicals,-40.1
PPG,"PPG Industries, Inc.",NYSE,Non-Energy Materials,8.0
PPL,PPL Corporation,NYSE,Utilities,-21.4
PRA,ProAssurance Corporation,NYSE,Finance,-50.8
PRAA,"PRA Group, Inc.",NASDAQ,Finance,9.3
PRAH,"PRA Health Sciences, Inc.",NASDAQ,Healthcare,12.9
PRDO,Perdoceo Education Corporation,NASDAQ,Consumer Non-Cyclicals,-31.3
PRFT,"Perficient, Inc.",NASDAQ,Technology,3.4
PRG,"PROG Holdings, Inc.",NYSE,Consumer Cyclicals,11.3
PRGO,Perrigo Co. Plc,NYSE,Healthcare,-13.4
PRGS,Progress Software Corporation,NASDAQ,Technology,8.8
PRI,"Primerica, Inc.",NYSE,Finance,2.6
PRK,Park National Corporation,NYSE AMERICAN,Finance,2.6
PRLB,"Proto Labs, Inc.",NYSE,Industrials,51.1
PRSP,"Perspecta, Inc.",NYSE,Business Services,-8.9
PRU,"Prudential Financial, Inc.",NYSE,Finance,-16.7
PSA,Public Storage,NYSE,Finance,8.4
PSB,"PS Business Parks, Inc.",NYSE,Finance,-19.4
PSMT,"PriceSmart, Inc.",NASDAQ,Consumer Non-Cyclicals,28.3
PSX,Phillips 66,NYSE,Energy,-37.2
PTC,PTC Inc.,NASDAQ,Technology,59.7
PTEN,"Patterson-UTI Energy, Inc.",NASDAQ,Energy,-49.9
PUMP,ProPetro Holding Corp.,NYSE,Energy,-34.3
PVAC,Penn Virginia Corporation,NASDAQ,Energy,-66.6
PVH,PVH Corp.,NYSE,Consumer Cyclicals,-10.7
PWR,"Quanta Services, Inc.",NYSE,Industrials,76.9
PXD,Pioneer Natural Resources Company,NYSE,Energy,-24.8
PYPL,PayPal Holdings Inc,NASDAQ,Finance,116.5
PZZA,"Papa John's International, Inc.",NASDAQ,Consumer Services,34.4
QCOM,Qualcomm Inc,NASDAQ,Technology,72.7
QDEL,Quidel Corporation,NASDAQ,Healthcare,139.4
QEP,"QEP Resources, Inc.",NYSE,Energy,-46.9
QLYS,"Qualys, Inc.",NASDAQ,Technology,46.2
QNST,"QuinStreet, Inc.",NASDAQ,Business Services,40.0
QRVO,"Qorvo, Inc.",NASDAQ,Technology,43.1
R,"Ryder System, Inc.",NYSE,Industrials,13.7
RAMP,"LiveRamp Holdings, Inc.",NYSE,Technology,52.3
RAVN,"Raven Industries, Inc.",NASDAQ,Non-Energy Materials,-4.0
RBC,Regal Beloit Corp,NYSE,Industrials,43.5
RC,Ready Capital Corporation,NYSE,Finance,-19.3
RCII,Rent-A-Center Inc,NASDAQ,Consumer Cyclicals,32.8
RCL,Royal Caribbean Group,NYSE,Consumer Services,-44.1
RCM,R1 RCM Inc,NASDAQ,Healthcare,85.1
RDNT,"RadNet, Inc.",NASDAQ,Healthcare,-3.6
RE,"Everest Re Group, Ltd.",NYSE,Finance,-15.4
REG,Regency Centers Corporation,NASDAQ,Finance,-27.7
REGI,"Renewable Energy Group, Inc.",NASDAQ,Non-Energy Materials,162.8
REGN,"Regeneron Pharmaceuticals, Inc.",NASDAQ,Healthcare,28.7
RES,"RPC, Inc.",NYSE,Energy,-39.9
REX,REX American Resources Corporation,NYSE,Non-Energy Materials,-10.4
REXR,"Rexford Industrial Realty, Inc.",NYSE,Finance,7.5
REZI,"Resideo Technologies, Inc.",NYSE,Technology,78.2
RF,Regions Financial Corporation,NYSE,Finance,-6.1
RGA,"Reinsurance Group of America, Incorporated",NYSE,Finance,-28.9
RGEN,Repligen Corporation,NASDAQ,Healthcare,107.2
RGLD,"Royal Gold, Inc.",NASDAQ,Non-Energy Materials,-13.0
RGNX,"REGENXBIO, Inc.",NASDAQ,Healthcare,10.7
RGP,"Resources Connection, Inc.",NASDAQ,Business Services,-23.0
RGR,"Sturm, Ruger & Company, Inc.",NYSE,Industrials,38.4
RGS,Regis Corporation,NYSE,Consumer Non-Cyclicals,-48.6
RH,RH,NYSE,Consumer Cyclicals,109.6
RHI,Robert Half International Inc.,NYSE,Business Services,-1.1
RJF,"Raymond James Financial, Inc.",NYSE,Finance,6.9
RL,Ralph Lauren Corporation Class A,NYSE,Consumer Cyclicals,-11.5
RLGY,Realogy Holdings Corp.,NYSE,Finance,35.5
RLI,RLI Corp.,NYSE,Finance,15.7
RMAX,"RE/MAX Holdings, Inc.",NYSE,Finance,-5.6
RMBS,Rambus Inc.,NASDAQ,Technology,26.8
RMD,ResMed Inc.,NYSE,Healthcare,37.2
RNR,RenaissanceRe Holdings Ltd.,NYSE,Finance,-15.4
RNST,Renasant Corporation,NASDAQ,Finance,-4.9
ROCK,"Gibraltar Industries, Inc.",NASDAQ,Non-Energy Materials,42.6
ROG,Rogers Corporation,NYSE,Non-Energy Materials,24.5
ROIC,Retail Opportunity Investments Corp.,NASDAQ,Finance,-24.2
ROK,"Rockwell Automation, Inc.",NYSE,Industrials,23.8
ROL,"Rollins, Inc.",NYSE,Business Services,76.7
ROP,"Roper Technologies, Inc.",NYSE,Technology,21.7
ROST,"Ross Stores, Inc.",NASDAQ,Consumer Non-Cyclicals,5.5
RPAI,"Retail Properties of America, Inc. Class A",NYSE,Finance,-36.1
RPM,RPM International Inc.,NYSE,Non-Energy Materials,18.3
RPT,RPT Realty,NYSE,Finance,-42.5
RRC,Range Resources Corporation,NYSE,Energy,38.1
RRGB,"Red Robin Gourmet Burgers, Inc.",NASDAQ,Consumer Services,-41.8
RS,Reliance Steel & Aluminum Co.,NYSE,Non-Energy Materials,0.0
RSG,"Republic Services, Inc.",NYSE,Business Services,7.4
RTX,Raytheon Technologies Corporation,NYSE,Industrials,-19.0
RUN,Sunrun Inc.,NASDAQ,Utilities,402.4
RUTH,"Ruth's Hospitality Group, Inc.",NASDAQ,Consumer Services,-18.5
RWT,"Redwood Trust, Inc.",NYSE,Finance,-46.9
RYAM,Rayonier Advanced Materials Inc,NYSE,Non-Energy Materials,69.8
RYN,Rayonier Inc.,NYSE,Finance,-10.3
SABR,Sabre Corp.,NASDAQ,Industrials,-46.4
SAFE,Safehold Inc.,NYSE,Finance,79.9
SAFM,"Sanderson Farms, Inc.",NASDAQ,Consumer Non-Cyclicals,-25.0
SAFT,"Safety Insurance Group, Inc.",NASDAQ,Finance,-15.8
SAH,"Sonic Automotive, Inc. Class A",NYSE,Consumer Cyclicals,24.4
SAIA,"Saia, Inc.",NASDAQ,Industrials,94.2
SAIC,Science Applications International Corp.,NYSE,Industrials,8.8
SAIL,"SailPoint Technologies Holdings, Inc.",NYSE,Technology,125.6
SAM,"Boston Beer Company, Inc. Class A",NYSE,Consumer Non-Cyclicals,163.1
SANM,Sanmina Corporation,NASDAQ,Technology,-6.9
SBAC,SBA Communications Corp. Class A,NASDAQ,Finance,17.1
SBCF,Seacoast Banking Corporation of Florida,NASDAQ,Finance,-3.7
SBH,"Sally Beauty Holdings, Inc.",NYSE,Consumer Non-Cyclicals,-28.5
SBNY,Signature Bank,NASDAQ,Finance,-1.0
SBRA,"Sabra Health Care REIT, Inc.",NASDAQ,Finance,-18.6
SBSI,"Southside Bancshares, Inc.",NASDAQ,Finance,-16.5
SBUX,Starbucks Corporation,NASDAQ,Consumer Services,21.7
SCHL,Scholastic Corporation,NASDAQ,Consumer Services,-35.0
SCHW,Charles Schwab Corporation,NYSE,Finance,11.5
SCI,Service Corporation International,NYSE,Consumer Non-Cyclicals,6.7
SCL,Stepan Company,NYSE,Non-Energy Materials,16.5
SCSC,"ScanSource, Inc.",NASDAQ,Technology,-28.6
SCVL,"Shoe Carnival, Inc.",NASDAQ,Consumer Cyclicals,5.1
SEDG,"SolarEdge Technologies, Inc.",NASDAQ,Technology,235.6
SEE,Sealed Air Corporation,NYSE,Non-Energy Materials,15.0
SEIC,SEI Investments Company,NASDAQ,Finance,-12.2
SEM,Select Medical Holdings Corporation,NYSE,Healthcare,18.5
SENEA,Seneca Foods Corporation Class A,NASDAQ,Consumer Non-Cyclicals,-2.2
SF,Stifel Financial Corp.,NYSE,Finance,24.8
SFBS,ServisFirst Bancshares Inc,NASDAQ,Finance,6.9
SFM,"Sprouts Farmers Markets, Inc.",NASDAQ,Consumer Non-Cyclicals,3.9
SFNC,Simmons First National Corporation Class A,NASDAQ,Finance,-19.4
SGH,"SMART Global Holdings, Inc.",NASDAQ,Technology,-0.8
SGMS,Scientific Games Corporation,NASDAQ,Consumer Services,54.9
SHAK,"Shake Shack, Inc. Class A",NYSE,Consumer Services,42.3
SHEN,Shenandoah Telecommunications Company,NASDAQ,Telecommunications,3.9
SHOO,"Steven Madden, Ltd.",NASDAQ,Consumer Cyclicals,-17.9
SHW,Sherwin-Williams Company,NYSE,Non-Energy Materials,25.9
SIG,Signet Jewelers Limited,NYSE,Consumer Cyclicals,25.4
SIGI,"Selective Insurance Group, Inc.",NASDAQ,Finance,2.7
SITC,SITE Centers Corp.,NYSE,Finance,-27.8
SIVB,SVB Financial Group,NASDAQ,Finance,54.5
SIX,Six Flags Entertainment Corporation,NYSE,Consumer Services,-24.4
SJI,"South Jersey Industries, Inc.",NYSE,Utilities,-34.7
SJM,J.M. Smucker Company,NYSE,Consumer Non-Cyclicals,11.0
SKT,"Tanger Factory Outlet Centers, Inc.",NYSE,Finance,-32.4
SKX,"Skechers U.S.A., Inc. Class A",NYSE,Consumer Cyclicals,-16.8
SKYW,"SkyWest, Inc",NASDAQ,Industrials,-37.6
SLAB,Silicon Laboratories Inc.,NASDAQ,Technology,9.8
SLB,Schlumberger NV,NYSE,Energy,-45.7
SLCA,"U.S. Silica Holdings, Inc.",NYSE,Non-Energy Materials,14.1
SLG,SL Green Realty Corp.,NYSE,Finance,-35.2
SLGN,Silgan Holdings Inc.,NASDAQ,Non-Energy Materials,19.3
SLM,SLM Corp,NASDAQ,Finance,39.1
SLP,"Simulations Plus, Inc.",NASDAQ,Healthcare,147.4
SM,SM Energy Company,NYSE,Energy,-45.6
SMG,Scotts Miracle-Gro Company Class A,NYSE,Non-Energy Materials,87.5
SMP,"Standard Motor Products, Inc.",NYSE,Consumer Cyclicals,-24.0
SMPL,Simply Good Foods Co,NASDAQ,Consumer Non-Cyclicals,9.9
SMTC,Semtech Corporation,NASDAQ,Technology,36.3
SNA,Snap-on Incorporated,NYSE,Industrials,1.0
SNBR,Sleep Number Corporation,NASDAQ,Consumer Non-Cyclicals,66.2
SNEX,StoneX Group Inc.,NASDAQ,Finance,18.6
SNPS,"Synopsys, Inc.",NASDAQ,Technology,86.2
SNV,Synovus Financial Corp.,NYSE,Finance,-17.4
SNX,SYNNEX Corporation,NYSE,Technology,26.2
SO,Southern Company,NYSE,Utilities,-3.6
SON,Sonoco Products Company,NYSE,Non-Energy Materials,-4.0
SPG,"Simon Property Group, Inc.",NYSE,Finance,-42.7
SPGI,"S&P Global, Inc.",NYSE,Technology,20.4
SPOK,"Spok Holdings, Inc.",NASDAQ,Telecommunications,-9.0
SPPI,"Spectrum Pharmaceuticals, Inc.",NASDAQ,Healthcare,-6.3
SPSC,"SPS Commerce, Inc.",NASDAQ,Technology,95.9
SPTN,SpartanNash Company,NASDAQ,Consumer Non-Cyclicals,22.3
SPXC,SPX Corporation,NYSE,Industrials,7.2
SR,Spire Inc.,NYSE,Utilities,-23.1
SRC,"Spirit Realty Capital, Inc.",NYSE,Finance,-18.3
SRCL,"Stericycle, Inc.",NASDAQ,Healthcare,8.7
SRDX,Surmodics Inc,NASDAQ,Healthcare,5.0
SRE,Sempra Energy,NYSE,Utilities,-15.9
SSD,"Simpson Manufacturing Co., Inc.",NYSE,Non-Energy Materials,16.5
SSP,E. W. Scripps Company Class A,NASDAQ,Consumer Services,-2.7
SSTK,"Shutterstock, Inc.",NYSE,Technology,67.2
STAR,iStar Inc.,NYSE,Finance,2.3
STBA,"S&T Bancorp, Inc.",NASDAQ,Finance,-38.3
STC,Stewart Information Services Corporation,NYSE,Finance,18.6
STE,STERIS Plc,NYSE,Healthcare,24.4
STL,Sterling Bancorp,NYSE,Finance,-14.7
STLD,"Steel Dynamics, Inc.",NASDAQ,Non-Energy Materials,8.3
STMP,Stamps.com Inc.,NASDAQ,Consumer Cyclicals,134.9
STOR,STORE Capital Corporation,NYSE,Finance,-8.8
STRA,"Strategic Education, Inc.",NASDAQ,Consumer Non-Cyclicals,-40.0
STT,State Street Corporation,NYSE,Finance,-8.0
STX,Seagate Technology PLC,NASDAQ,Technology,4.5
STZ,"Constellation Brands, Inc. Class A",NYSE,Consumer Non-Cyclicals,15.4
SUPN,"Supernus Pharmaceuticals, Inc.",NASDAQ,Healthcare,6.1
SVC,Service Properties Trust,NASDAQ,Finance,-52.8
SWK,"Stanley Black & Decker, Inc.",NYSE,Industrials,7.7
SWKS,"Skyworks Solutions, Inc.",NASDAQ,Technology,26.5
SWM,"Schweitzer-Mauduit International, Inc.",NYSE,Consumer Non-Cyclicals,-4.2
SWN,Southwestern Energy Company,NYSE,Energy,23.1
SWX,"Southwest Gas Holdings, Inc.",NYSE,Industrials,-20.0
SXC,"SunCoke Energy, Inc.",NYSE,Energy,-30.2
SXI,Standex International Corporation,NYSE,Industrials,-2.3
SXT,Sensient Technologies Corporation,NYSE,Non-Energy Materials,11.6
SYF,Synchrony Financial,NYSE,Finance,-3.6
SYK,Stryker Corporation,NYSE,Healthcare,16.7
SYKE,"Sykes Enterprises, Incorporated",NASDAQ,Business Services,1.8
SYNA,Synaptics Incorporated,NASDAQ,Technology,46.6
SYNH,"Syneos Health, Inc. Class A",NASDAQ,Healthcare,14.6
SYY,Sysco Corporation,NYSE,Consumer Services,-13.2
T,AT&T Inc.,NYSE,Telecommunications,-26.4
TALO,"Talos Energy, Inc.",NYSE,Energy,-72.7
TAP,Molson Coors Beverage Company Class B,NYSE,Consumer Non-Cyclicals,-16.2
TBI,"TrueBlue, Inc.",NYSE,Business Services,-22.3
TBK,"Triumph Bancorp, Inc.",NASDAQ,Finance,27.7
TCBI,"Texas Capital Bancshares, Inc.",NASDAQ,Finance,4.8
TCF,TCF Financial Corporation,NASDAQ,Finance,-20.9
TCMD,"Tactile Systems Technology, Inc.",NASDAQ,Healthcare,-33.4
TDC,Teradata Corporation,NYSE,Technology,-16.1
TDG,TransDigm Group Incorporated,NYSE,Industrials,10.5
TDS,"Telephone and Data Systems, Inc.",NYSE,Telecommunications,-27.0
TDY,Teledyne Technologies Incorporated,NYSE,Industrials,13.1
TECH,Bio-Techne Corporation,NASDAQ,Healthcare,44.7
TEL,TE Connectivity Ltd.,NYSE,Technology,26.3
TER,"Teradyne, Inc.",NASDAQ,Technology,75.8
TEX,Terex Corporation,NYSE,Industrials,17.2
TFC,Truist Financial Corporation,NYSE,Finance,-14.9
TFX,Teleflex Incorporated,NYSE,Healthcare,9.3
TG,Tredegar Corporation,NYSE,Non-Energy Materials,-25.3
TGI,"Triumph Group, Inc.",NYSE,Industrials,-50.3
TGNA,"TEGNA, Inc.",NYSE,Consumer Services,-16.4
TGT,Target Corporation,NYSE,Consumer Non-Cyclicals,37.7
THC,Tenet Healthcare Corporation,NYSE,Healthcare,5.0
THG,"Hanover Insurance Group, Inc.",NYSE,Finance,-14.5
THO,"Thor Industries, Inc.",NYSE,Consumer Cyclicals,25.2
THRM,Gentherm Incorporated,NASDAQ,Consumer Cyclicals,46.9
THS,"TreeHouse Foods, Inc.",NYSE,Consumer Non-Cyclicals,-12.4
TILE,"Interface, Inc.",NASDAQ,Consumer Non-Cyclicals,-36.7
TISI,"Team, Inc.",NYSE,Industrials,-31.7
TJX,TJX Companies Inc,NYSE,Consumer Non-Cyclicals,11.8
TKR,Timken Company,NYSE,Industrials,37.4
TMHC,Taylor Morrison Home Corporation,NYSE,Consumer Cyclicals,17.3
TMO,Thermo Fisher Scientific Inc.,NYSE,Healthcare,43.4
TMP,Tompkins Financial Corporation,NYSE AMERICAN,Finance,-22.8
TMST,TimkenSteel Corp,NYSE,Non-Energy Materials,-40.6
TMUS,"T-Mobile US, Inc.",NASDAQ,Telecommunications,72.0
TNC,Tennant Company,NYSE,Industrials,-9.9
TOL,"Toll Brothers, Inc.",NYSE,Consumer Cyclicals,10.0
TPH,TRI Pointe Group Inc,NYSE,Consumer Cyclicals,10.7
TPR,"Tapestry, Inc.",NYSE,Consumer Cyclicals,15.2
TPRE,Third Point Reinsurance Ltd.,NYSE,Finance,-9.5
TPX,Tempur Sealy International Inc,NYSE,Consumer Non-Cyclicals,24.1
TR,"Tootsie Roll Industries, Inc.",NYSE,Consumer Non-Cyclicals,-10.4
TREE,"LendingTree, Inc.",NASDAQ,Technology,-9.8
TREX,"Trex Company, Inc.",NYSE,Non-Energy Materials,86.3
TRHC,"Tabula Rasa Healthcare, Inc.",NASDAQ,Healthcare,-12.0
TRIP,"TripAdvisor, Inc.",NASDAQ,Consumer Services,-5.3
TRMB,Trimble Inc.,NASDAQ,Technology,60.2
TRMK,Trustmark Corporation,NASDAQ,Finance,-20.9
TRN,"Trinity Industries, Inc.",NYSE,Industrials,19.1
TROW,T. Rowe Price Group,NASDAQ,Finance,24.3
TRST,TrustCo Bank Corp NY,NASDAQ,Finance,-23.1
TRUP,"Trupanion, Inc.",NASDAQ,Finance,219.6
TRV,"Travelers Companies, Inc.",NYSE,Finance,2.5
TSCO,Tractor Supply Company,NASDAQ,Consumer Cyclicals,50.4
TSE,Trinseo SA,NYSE,Non-Energy Materials,37.6
TSLA,Tesla Inc,NASDAQ,Consumer Cyclicals,743.4
TSN,"Tyson Foods, Inc. Class A",NYSE,Consumer Non-Cyclicals,-29.2
TT,Trane Technologies plc,NYSE,Industrials,40.8
TTC,Toro Company,NYSE,Industrials,19.0
TTEC,"TTEC Holdings, Inc.",NASDAQ,Technology,84.1
TTEK,"Tetra Tech, Inc.",NASDAQ,Industrials,34.4
TTGT,"TechTarget, Inc.",NASDAQ,Technology,126.5
TTMI,"TTM Technologies, Inc.",NASDAQ,Technology,-8.3
TTWO,"Take-Two Interactive Software, Inc.",NASDAQ,Technology,69.7
TUP,Tupperware Brands Corporation,NYSE,Consumer Non-Cyclicals,277.5
TVTY,"Tivity Health, Inc.",NASDAQ,Healthcare,-3.7
TWI,"Titan International, Inc.",NYSE,Industrials,34.3
TWTR,"Twitter, Inc.",NYSE,Technology,69.0
TXN,Texas Instruments Incorporated,NASDAQ,Technology,27.9
TXRH,"Texas Roadhouse, Inc.",NASDAQ,Consumer Services,38.8
TXT,Textron Inc.,NYSE,Industrials,8.4
TYL,"Tyler Technologies, Inc.",NYSE,Business Services,45.5
UAA,"Under Armour, Inc. Class A",NYSE,Consumer Cyclicals,-20.5
UAL,"United Airlines Holdings, Inc.",NASDAQ,Industrials,-50.9
UBA,Urstadt Biddle Properties Inc. Class A,NYSE,Finance,-43.1
UBSI,"United Bankshares, Inc.",NASDAQ,Finance,-16.2
UCBI,"United Community Banks, Inc.",NASDAQ,Finance,-7.9
UCTT,"Ultra Clean Holdings, Inc.",NASDAQ,Technology,32.7
UDR,"UDR, Inc.",NYSE,Finance,-17.7
UE,Urban Edge Properties,NYSE,Finance,-32.5
UEIC,Universal Electronics Inc.,NASDAQ,Technology,0.4
UFCS,"United Fire Group, Inc.",NASDAQ,Finance,-42.6
UFI,"Unifi, Inc.",NYSE,Non-Energy Materials,-29.8
UFPI,"UFP Industries, Inc.",NASDAQ,Non-Energy Materials,16.5
UFS,Domtar Corporation,NYSE,Non-Energy Materials,-17.2
UGI,UGI Corporation,NYSE,Energy,-22.6
UHS,"Universal Health Services, Inc. Class B",NYSE,Healthcare,-4.2
UHT,Universal Health Realty Income Trust,NYSE,Finance,-45.2
UIHC,United Insurance Holdings Corp.,NASDAQ,Finance,-54.6
UIS,Unisys Corporation,NYSE,Technology,65.9
ULTA,Ulta Beauty Inc,NASDAQ,Consumer Non-Cyclicals,13.4
UMBF,UMB Financial Corporation,NASDAQ,Finance,0.5
UMPQ,Umpqua Holdings Corporation,NASDAQ,Finance,-14.5
UNF,UniFirst Corporation,NYSE,Business Services,4.8
UNFI,"United Natural Foods, Inc.",NYSE,Consumer Non-Cyclicals,82.3
UNH,UnitedHealth Group Incorporated,NYSE,Healthcare,19.3
UNIT,Uniti Group Inc.,NASDAQ,Finance,42.9
UNM,Unum Group,NYSE,Finance,-21.3
UNP,Union Pacific Corporation,NYSE,Industrials,15.2
UNVR,Univar Solutions Inc.,NYSE,Industrials,-21.6
UPS,"United Parcel Service, Inc. Class B",NYSE,Industrials,43.9
URBN,"Urban Outfitters, Inc.",NASDAQ,Consumer Cyclicals,-7.8
URI,"United Rentals, Inc.",NYSE,Industrials,39.1
USB,U.S. Bancorp,NYSE,Finance,-21.4
USCR,"U.S. Concrete, Inc.",NASDAQ,Non-Energy Materials,-4.1
USNA,"USANA Health Sciences, Inc.",NYSE,Healthcare,-1.8
USPH,"U.S. Physical Therapy, Inc.",NYSE,Healthcare,5.2
UTHR,United Therapeutics Corporation,NASDAQ,Healthcare,72.3
UVE,"Universal Insurance Holdings, Inc.",NYSE,Finance,-46.0
UVV,Universal Corp,NYSE,Consumer Non-Cyclicals,-14.8
V,Visa Inc. Class A,NYSE,Finance,16.4
VAC,Marriott Vacations Worldwide Corporation,NYSE,Consumer Services,6.6
VAR,"Varian Medical Systems, Inc.",NYSE,Healthcare,23.2
VBTX,"Veritex Holdings, Inc.",NASDAQ,Finance,-11.9
VC,Visteon Corporation,NASDAQ,Consumer Cyclicals,45.0
VECO,Veeco Instruments Inc.,NASDAQ,Technology,18.2
VFC,V.F. Corporation,NYSE,Consumer Cyclicals,-14.3
VG,Vonage Holdings Corp.,NASDAQ,Telecommunications,73.8
VGR,Vector Group Ltd.,NYSE,Consumer Non-Cyclicals,-13.0
VIAC,ViacomCBS Inc. Class B,NASDAQ,Consumer Services,-11.2
VIAV,Viavi Solutions Inc,NASDAQ,Technology,-0.2
VICR,Vicor Corporation,NASDAQ,Technology,97.4
VIVO,"Meridian Bioscience, Inc.",NASDAQ,Healthcare,91.3
VLO,Valero Energy Corporation,NYSE,Energy,-39.6
VLY,Valley National Bancorp,NASDAQ,Finance,-14.8
VMC,Vulcan Materials Company,NYSE,Non-Energy Materials,3.0
VMI,"Valmont Industries, Inc.",NYSE,Non-Energy Materials,16.8
VNDA,Vanda Pharmaceuticals Inc.,NASDAQ,Healthcare,-19.9
VNO,Vornado Realty Trust,NYSE,Finance,-43.8
VNT,Vontier Corp,NYSE,Industrials,#N/A
VRA,"Vera Bradley, Inc.",NASDAQ,Consumer Cyclicals,-32.5
VREX,Varex Imaging Corporation,NASDAQ,Healthcare,-44.0
VRSK,Verisk Analytics Inc,NASDAQ,Business Services,39.0
VRSN,"VeriSign, Inc.",NASDAQ,Technology,12.3
VRTS,"Virtus Investment Partners, Inc.",NASDAQ,Finance,78.3
VRTU,Virtusa Corporation,NASDAQ,Technology,12.8
VRTV,Veritiv Corp,NYSE,Consumer Cyclicals,5.7
VRTX,Vertex Pharmaceuticals Incorporated,NASDAQ,Healthcare,7.9
VSAT,"ViaSat, Inc.",NASDAQ,Telecommunications,-55.4
VSH,"Vishay Intertechnology, Inc.",NYSE,Technology,-2.7
VSTO,Vista Outdoor Inc,NYSE,Consumer Cyclicals,217.6
VTOL,Bristow Group Inc,NYSE,Energy,-13.7
VTR,"Ventas, Inc.",NYSE,Finance,-15.1
VTRS,"Viatris, Inc.",NASDAQ,Healthcare,-6.8
VVI,Viad Corp,NYSE,Business Services,-46.4
VVV,"Valvoline, Inc.",NYSE,Non-Energy Materials,8.1
VZ,Verizon Communications Inc.,NYSE,Telecommunications,-4.3
WAB,Westinghouse Air Brake Technologies Corporation,NYSE,Industrials,-5.9
WABC,Westamerica Bancorporation,NASDAQ,Finance,-18.4
WAFD,"Washington Federal, Inc.",NASDAQ,Finance,-29.8
WAT,Waters Corporation,NYSE,Healthcare,5.9
WBA,Walgreens Boots Alliance Inc,NASDAQ,Consumer Non-Cyclicals,-32.4
WBS,Webster Financial Corporation,NYSE,Finance,-21.0
WD,"Walker & Dunlop, Inc.",NYSE,Finance,42.3
WDC,Western Digital Corporation,NASDAQ,Technology,-12.7
WDFC,WD-40 Company,NASDAQ,Non-Energy Materials,36.8
WDR,"Waddell & Reed Financial, Inc. Class A",NYSE,Finance,52.3
WEC,WEC Energy Group Inc,NYSE,Utilities,-0.2
WELL,"Welltower, Inc.",NYSE,Finance,-21.0
WEN,Wendy's Company,NASDAQ,Consumer Services,-1.3
WERN,"Werner Enterprises, Inc.",NASDAQ,Industrials,7.8
WETF,"WisdomTree Investments, Inc.",NASDAQ,Finance,10.5
WEX,WEX Inc.,NYSE,Finance,-2.8
WFC,Wells Fargo & Company,NYSE,Finance,-43.9
WGO,"Winnebago Industries, Inc.",NYSE,Consumer Cyclicals,13.1
WH,"Wyndham Hotels & Resorts, Inc.",NYSE,Consumer Services,-5.4
WHR,Whirlpool Corporation,NYSE,Consumer Cyclicals,22.3
WING,"Wingstop, Inc.",NASDAQ,Consumer Services,53.7
WIRE,Encore Wire Corporation,NASDAQ,Industrials,5.5
WLTW,Willis Towers Watson Public Limited Company,NASDAQ,Finance,4.3
WM,"Waste Management, Inc.",NYSE,Business Services,3.5
WMB,"Williams Companies, Inc.",NYSE,Energy,-15.5
WMT,Walmart Inc.,NYSE,Consumer Non-Cyclicals,21.3
WNC,Wabash National Corporation,NYSE,Industrials,17.3
WOR,"Worthington Industries, Inc.",NYSE,Non-Energy Materials,21.7
WRB,W. R. Berkley Corporation,NYSE,Finance,-3.9
WRE,Washington Real Estate Investment Trust,NYSE,Finance,-25.9
WRI,Weingarten Realty Investors,NYSE,Finance,-30.6
WRK,WestRock Company,NYSE,Non-Energy Materials,1.4
WRLD,World Acceptance Corporation,NASDAQ,Finance,18.3
WSM,"Williams-Sonoma, Inc.",NYSE,Consumer Cyclicals,38.7
WSO,"Watsco, Inc.",NYSE,Industrials,25.8
WSR,Whitestone REIT,NYSE,Finance,-41.5
WST,"West Pharmaceutical Services, Inc.",NYSE,Healthcare,88.5
WTFC,Wintrust Financial Corporation,NASDAQ,Finance,-13.8
WTRG,"Essential Utilities, Inc.",NYSE,Utilities,0.7
WTS,"Watts Water Technologies, Inc. Class A",NYSE,Industrials,22.0
WU,Western Union Company,NYSE,Finance,-18.1
WW,"WW International, Inc.",NASDAQ,Consumer Non-Cyclicals,-36.1
WWD,"Woodward, Inc.",NASDAQ,Industrials,2.6
WWE,"World Wrestling Entertainment, Inc. Class A",NYSE,Consumer Services,-25.9
WWW,"Wolverine World Wide, Inc.",NYSE,Consumer Cyclicals,-7.4
WY,Weyerhaeuser Company,NYSE,Finance,11.0
WYND,"Wyndham Destinations, Inc.",NYSE,Consumer Services,-13.2
WYNN,"Wynn Resorts, Limited",NASDAQ,Consumer Services,-18.8
X,United States Steel Corporation,NYSE,Non-Energy Materials,47.0
XEC,Cimarex Energy Co.,NYSE,Energy,-28.5
XEL,Xcel Energy Inc.,NASDAQ,Utilities,5.0
XHR,"Xenia Hotels & Resorts, Inc.",NYSE,Finance,-29.7
XLNX,"Xilinx, Inc.",NASDAQ,Technology,45.0
XNCR,"Xencor, Inc.",NASDAQ,Healthcare,26.9
XOM,Exxon Mobil Corporation,NYSE,Energy,-40.9
XPER,Xperi Holding Corporation,NASDAQ,Technology,13.0
XPO,"XPO Logistics, Inc.",NYSE,Industrials,49.6
XRAY,"DENTSPLY SIRONA, Inc.",NASDAQ,Healthcare,-7.5
XRX,Xerox Holdings Corporation,NYSE,Technology,-37.1
XYL,Xylem Inc.,NYSE,Industrials,29.2
Y,Alleghany Corporation,NYSE,Finance,-24.5
YELP,Yelp Inc,NYSE,Technology,-6.2
YETI,"YETI Holdings, Inc.",NYSE,Consumer Non-Cyclicals,96.9
YUM,"Yum! Brands, Inc.",NYSE,Consumer Services,7.8
ZBH,"Zimmer Biomet Holdings, Inc.",NYSE,Healthcare,2.9
ZBRA,Zebra Technologies Corporation Class A,NASDAQ,Technology,50.5
ZEUS,"Olympic Steel, Inc.",NASDAQ,Non-Energy Materials,-25.6
ZION,"Zions Bancorporation, N.A.",NASDAQ,Finance,-16.3
ZTS,"Zoetis, Inc. Class A",NYSE,Healthcare,25.0
ZUMZ,Zumiez Inc.,NASDAQ,Consumer Cyclicals,6.5
ZYXI,"Zynex, Inc.",NASDAQ,Healthcare,71.0
